distrito,provincia,departamento,ubigeo
CHACHAPOYAS,CHACHAPOYAS,AMAZONAS,010101
ASUNCION,CHACHAPOYAS,AMAZONAS,010102
BALSAS,CHACHAPOYAS,AMAZONAS,010103
CHETO,CHACHAPOYAS,AMAZONAS,010104
CHILIQUIN,CHACHAPOYAS,AMAZONAS,010105
CHUQUIBAMBA,CHACHAPOYAS,AMAZONAS,010106
GRANADA,CHACHAPOYAS,AMAZONAS,010107
HUANCAS,CHACHAPOYAS,AMAZONAS,010108
LA JALCA,CHACHAPOYAS,AMAZONAS,010109
LEIMEBAMBA,CHACHAPOYAS,AMAZONAS,010110
LEVANTO,CHACHAPOYAS,AMAZONAS,010111
MAGDALENA,CHACHAPOYAS,AMAZONAS,010112
MARISCAL CASTILLA,CHACHAPOYAS,AMAZONAS,010113
MOLINOPAMPA,CHACHAPOYAS,AMAZONAS,010114
MONTEVIDEO,CHACHAPOYAS,AMAZONAS,010115
OLLEROS,CHACHAPOYAS,AMAZONAS,010116
QUINJALCA,CHACHAPOYAS,AMAZONAS,010117
SAN FRANCISCO DE DAGUAS,CHACHAPOYAS,AMAZONAS,010118
SAN ISIDRO DE MAINO,CHACHAPOYAS,AMAZONAS,010119
SOLOCO,CHACHAPOYAS,AMAZONAS,010120
SONCHE,CHACHAPOYAS,AMAZONAS,010121
BAGUA,BAGUA,AMAZONAS,010201
ARAMANGO,BAGUA,AMAZONAS,010202
COPALLIN,BAGUA,AMAZONAS,010203
EL PARCO,BAGUA,AMAZONAS,010204
IMAZA,BAGUA,AMAZONAS,010205
LA PECA,BAGUA,AMAZONAS,010206
JUMBILLA,BONGARA,AMAZONAS,010301
CHISQUILLA,BONGARA,AMAZONAS,010302
CHURUJA,BONGARA,AMAZONAS,010303
COROSHA,BONGARA,AMAZONAS,010304
CUISPES,BONGARA,AMAZONAS,010305
FLORIDA,BONGARA,AMAZONAS,010306
JAZAN,BONGARA,AMAZONAS,010307
RECTA,BONGARA,AMAZONAS,010308
SAN CARLOS,BONGARA,AMAZONAS,010309
SHIPASBAMBA,BONGARA,AMAZONAS,010310
VALERA,BONGARA,AMAZONAS,010311
YAMBRASBAMBA,BONGARA,AMAZONAS,010312
NIEVA,CONDORCANQUI,AMAZONAS,010401
EL CENEPA,CONDORCANQUI,AMAZONAS,010402
RIO SANTIAGO,CONDORCANQUI,AMAZONAS,010403
LAMUD,LUYA,AMAZONAS,010501
CAMPORREDONDO,LUYA,AMAZONAS,010502
COCABAMBA,LUYA,AMAZONAS,010503
COLCAMAR,LUYA,AMAZONAS,010504
CONILA,LUYA,AMAZONAS,010505
INGUILPATA,LUYA,AMAZONAS,010506
LONGUITA,LUYA,AMAZONAS,010507
LONYA CHICO,LUYA,AMAZONAS,010508
LUYA,LUYA,AMAZONAS,010509
LUYA VIEJO,LUYA,AMAZONAS,010510
MARIA,LUYA,AMAZONAS,010511
OCALLI,LUYA,AMAZONAS,010512
OCUMAL,LUYA,AMAZONAS,010513
PISUQUIA,LUYA,AMAZONAS,010514
PROVIDENCIA,LUYA,AMAZONAS,010515
SAN CRISTOBAL,LUYA,AMAZONAS,010516
SAN FRANCISCO DEL YESO,LUYA,AMAZONAS,010517
SAN JERONIMO,LUYA,AMAZONAS,010518
SAN JUAN DE LOPECANCHA,LUYA,AMAZONAS,010519
SANTA CATALINA,LUYA,AMAZONAS,010520
SANTO TOMAS,LUYA,AMAZONAS,010521
TINGO,LUYA,AMAZONAS,010522
TRITA,LUYA,AMAZONAS,010523
SAN NICOLAS,RODRIGUEZ DE MENDOZA,AMAZONAS,010601
CHIRIMOTO,RODRIGUEZ DE MENDOZA,AMAZONAS,010602
COCHAMAL,RODRIGUEZ DE MENDOZA,AMAZONAS,010603
HUAMBO,RODRIGUEZ DE MENDOZA,AMAZONAS,010604
LIMABAMBA,RODRIGUEZ DE MENDOZA,AMAZONAS,010605
LONGAR,RODRIGUEZ DE MENDOZA,AMAZONAS,010606
MARISCAL BENAVIDES,RODRIGUEZ DE MENDOZA,AMAZONAS,010607
MILPUC,RODRIGUEZ DE MENDOZA,AMAZONAS,010608
OMIA,RODRIGUEZ DE MENDOZA,AMAZONAS,010609
SANTA ROSA,RODRIGUEZ DE MENDOZA,AMAZONAS,010610
TOTORA,RODRIGUEZ DE MENDOZA,AMAZONAS,010611
VISTA ALEGRE,RODRIGUEZ DE MENDOZA,AMAZONAS,010612
BAGUA GRANDE,UTCUBAMBA,AMAZONAS,010701
CAJARURO,UTCUBAMBA,AMAZONAS,010702
CUMBA,UTCUBAMBA,AMAZONAS,010703
EL MILAGRO,UTCUBAMBA,AMAZONAS,010704
JAMALCA,UTCUBAMBA,AMAZONAS,010705
LONYA GRANDE,UTCUBAMBA,AMAZONAS,010706
YAMON,UTCUBAMBA,AMAZONAS,010707
HUARAZ,HUARAZ,ANCASH,020101
COCHABAMBA,HUARAZ,ANCASH,020102
COLCABAMBA,HUARAZ,ANCASH,020103
HUANCHAY,HUARAZ,ANCASH,020104
INDEPENDENCIA,HUARAZ,ANCASH,020105
JANGAS,HUARAZ,ANCASH,020106
LA LIBERTAD,HUARAZ,ANCASH,020107
OLLEROS,HUARAZ,ANCASH,020108
PAMPAS GRANDE,HUARAZ,ANCASH,020109
PARIACOTO,HUARAZ,ANCASH,020110
PIRA,HUARAZ,ANCASH,020111
TARICA,HUARAZ,ANCASH,020112
AIJA,AIJA,ANCASH,020201
CORIS,AIJA,ANCASH,020202
HUACLLAN,AIJA,ANCASH,020203
LA MERCED,AIJA,ANCASH,020204
SUCCHA,AIJA,ANCASH,020205
LLAMELLIN,ANTONIO RAYMONDI,ANCASH,020301
ACZO,ANTONIO RAYMONDI,ANCASH,020302
CHACCHO,ANTONIO RAYMONDI,ANCASH,020303
CHINGAS,ANTONIO RAYMONDI,ANCASH,020304
MIRGAS,ANTONIO RAYMONDI,ANCASH,020305
SAN JUAN DE RONTOY,ANTONIO RAYMONDI,ANCASH,020306
CHACAS,ASUNCION,ANCASH,020401
ACOCHACA,ASUNCION,ANCASH,020402
CHIQUIAN,BOLOGNESI,ANCASH,020501
ABELARDO PARDO LEZAMETA,BOLOGNESI,ANCASH,020502
ANTONIO RAYMONDI,BOLOGNESI,ANCASH,020503
AQUIA,BOLOGNESI,ANCASH,020504
CAJACAY,BOLOGNESI,ANCASH,020505
CANIS,BOLOGNESI,ANCASH,020506
COLQUIOC,BOLOGNESI,ANCASH,020507
HUALLANCA,BOLOGNESI,ANCASH,020508
HUASTA,BOLOGNESI,ANCASH,020509
HUAYLLACAYAN,BOLOGNESI,ANCASH,020510
LA PRIMAVERA,BOLOGNESI,ANCASH,020511
MANGAS,BOLOGNESI,ANCASH,020512
PACLLON,BOLOGNESI,ANCASH,020513
SAN MIGUEL DE CORPANQUI,BOLOGNESI,ANCASH,020514
TICLLOS,BOLOGNESI,ANCASH,020515
CARHUAZ,CARHUAZ,ANCASH,020601
ACOPAMPA,CARHUAZ,ANCASH,020602
AMASHCA,CARHUAZ,ANCASH,020603
ANTA,CARHUAZ,ANCASH,020604
ATAQUERO,CARHUAZ,ANCASH,020605
MARCARA,CARHUAZ,ANCASH,020606
PARIAHUANCA,CARHUAZ,ANCASH,020607
SAN MIGUEL DE ACO,CARHUAZ,ANCASH,020608
SHILLA,CARHUAZ,ANCASH,020609
TINCO,CARHUAZ,ANCASH,020610
YUNGAR,CARHUAZ,ANCASH,020611
SAN LUIS,CARLOS FERMIN FITZCARRALD,ANCASH,020701
SAN NICOLAS,CARLOS FERMIN FITZCARRALD,ANCASH,020702
YAUYA,CARLOS FERMIN FITZCARRALD,ANCASH,020703
CASMA,CASMA,ANCASH,020801
BUENA VISTA ALTA,CASMA,ANCASH,020802
COMANDANTE NOEL,CASMA,ANCASH,020803
YAUTAN,CASMA,ANCASH,020804
CORONGO,CORONGO,ANCASH,020901
ACO,CORONGO,ANCASH,020902
BAMBAS,CORONGO,ANCASH,020903
CUSCA,CORONGO,ANCASH,020904
LA PAMPA,CORONGO,ANCASH,020905
YANAC,CORONGO,ANCASH,020906
YUPAN,CORONGO,ANCASH,020907
HUARI,HUARI,ANCASH,021001
ANRA,HUARI,ANCASH,021002
CAJAY,HUARI,ANCASH,021003
CHAVIN DE HUANTAR,HUARI,ANCASH,021004
HUACACHI,HUARI,ANCASH,021005
HUACCHIS,HUARI,ANCASH,021006
HUACHIS,HUARI,ANCASH,021007
HUANTAR,HUARI,ANCASH,021008
MASIN,HUARI,ANCASH,021009
PAUCAS,HUARI,ANCASH,021010
PONTO,HUARI,ANCASH,021011
RAHUAPAMPA,HUARI,ANCASH,021012
RAPAYAN,HUARI,ANCASH,021013
SAN MARCOS,HUARI,ANCASH,021014
SAN PEDRO DE CHANA,HUARI,ANCASH,021015
UCO,HUARI,ANCASH,021016
HUARMEY,HUARMEY,ANCASH,021101
COCHAPETI,HUARMEY,ANCASH,021102
CULEBRAS,HUARMEY,ANCASH,021103
HUAYAN,HUARMEY,ANCASH,021104
MALVAS,HUARMEY,ANCASH,021105
CARAZ,HUAYLAS,ANCASH,021201
HUALLANCA,HUAYLAS,ANCASH,021202
HUATA,HUAYLAS,ANCASH,021203
HUAYLAS,HUAYLAS,ANCASH,021204
MATO,HUAYLAS,ANCASH,021205
PAMPAROMAS,HUAYLAS,ANCASH,021206
PUEBLO LIBRE,HUAYLAS,ANCASH,021207
SANTA CRUZ,HUAYLAS,ANCASH,021208
SANTO TORIBIO,HUAYLAS,ANCASH,021209
YURACMARCA,HUAYLAS,ANCASH,021210
PISCOBAMBA,MARISCAL LUZURIAGA,ANCASH,021301
CASCA,MARISCAL LUZURIAGA,ANCASH,021302
ELEAZAR GUZMAN BARRON,MARISCAL LUZURIAGA,ANCASH,021303
FIDEL OLIVAS ESCUDERO,MARISCAL LUZURIAGA,ANCASH,021304
LLAMA,MARISCAL LUZURIAGA,ANCASH,021305
LLUMPA,MARISCAL LUZURIAGA,ANCASH,021306
LUCMA,MARISCAL LUZURIAGA,ANCASH,021307
MUSGA,MARISCAL LUZURIAGA,ANCASH,021308
OCROS,OCROS,ANCASH,021401
ACAS,OCROS,ANCASH,021402
CAJAMARQUILLA,OCROS,ANCASH,021403
CARHUAPAMPA,OCROS,ANCASH,021404
COCHAS,OCROS,ANCASH,021405
CONGAS,OCROS,ANCASH,021406
LLIPA,OCROS,ANCASH,021407
SAN CRISTOBAL DE RAJAN,OCROS,ANCASH,021408
SAN PEDRO,OCROS,ANCASH,021409
SANTIAGO DE CHILCAS,OCROS,ANCASH,021410
CABANA,PALLASCA,ANCASH,021501
BOLOGNESI,PALLASCA,ANCASH,021502
CONCHUCOS,PALLASCA,ANCASH,021503
HUACASCHUQUE,PALLASCA,ANCASH,021504
HUANDOVAL,PALLASCA,ANCASH,021505
LACABAMBA,PALLASCA,ANCASH,021506
LLAPO,PALLASCA,ANCASH,021507
PALLASCA,PALLASCA,ANCASH,021508
PAMPAS,PALLASCA,ANCASH,021509
SANTA ROSA,PALLASCA,ANCASH,021510
TAUCA,PALLASCA,ANCASH,021511
POMABAMBA,POMABAMBA,ANCASH,021601
HUAYLLAN,POMABAMBA,ANCASH,021602
PAROBAMBA,POMABAMBA,ANCASH,021603
QUINUABAMBA,POMABAMBA,ANCASH,021604
RECUAY,RECUAY,ANCASH,021701
CATAC,RECUAY,ANCASH,021702
COTAPARACO,RECUAY,ANCASH,021703
HUAYLLAPAMPA,RECUAY,ANCASH,021704
LLACLLIN,RECUAY,ANCASH,021705
MARCA,RECUAY,ANCASH,021706
PAMPAS CHICO,RECUAY,ANCASH,021707
PARARIN,RECUAY,ANCASH,021708
TAPACOCHA,RECUAY,ANCASH,021709
TICAPAMPA,RECUAY,ANCASH,021710
CHIMBOTE,SANTA,ANCASH,021801
CACERES DEL PERU,SANTA,ANCASH,021802
COISHCO,SANTA,ANCASH,021803
MACATE,SANTA,ANCASH,021804
MORO,SANTA,ANCASH,021805
NEPEÑA,SANTA,ANCASH,021806
SAMANCO,SANTA,ANCASH,021807
SANTA,SANTA,ANCASH,021808
NUEVO CHIMBOTE,SANTA,ANCASH,021809
SIHUAS,SIHUAS,ANCASH,021901
ACOBAMBA,SIHUAS,ANCASH,021902
ALFONSO UGARTE,SIHUAS,ANCASH,021903
CASHAPAMPA,SIHUAS,ANCASH,021904
CHINGALPO,SIHUAS,ANCASH,021905
HUAYLLABAMBA,SIHUAS,ANCASH,021906
QUICHES,SIHUAS,ANCASH,021907
RAGASH,SIHUAS,ANCASH,021908
SAN JUAN,SIHUAS,ANCASH,021909
SICSIBAMBA,SIHUAS,ANCASH,021910
YUNGAY,YUNGAY,ANCASH,022001
CASCAPARA,YUNGAY,ANCASH,022002
MANCOS,YUNGAY,ANCASH,022003
MATACOTO,YUNGAY,ANCASH,022004
QUILLO,YUNGAY,ANCASH,022005
RANRAHIRCA,YUNGAY,ANCASH,022006
SHUPLUY,YUNGAY,ANCASH,022007
YANAMA,YUNGAY,ANCASH,022008
ABANCAY,ABANCAY,APURIMAC,030101
CHACOCHE,ABANCAY,APURIMAC,030102
CIRCA,ABANCAY,APURIMAC,030103
CURAHUASI,ABANCAY,APURIMAC,030104
HUANIPACA,ABANCAY,APURIMAC,030105
LAMBRAMA,ABANCAY,APURIMAC,030106
PICHIRHUA,ABANCAY,APURIMAC,030107
SAN PEDRO DE CACHORA,ABANCAY,APURIMAC,030108
TAMBURCO,ABANCAY,APURIMAC,030109
ANDAHUAYLAS,ANDAHUAYLAS,APURIMAC,030201
ANDARAPA,ANDAHUAYLAS,APURIMAC,030202
CHIARA,ANDAHUAYLAS,APURIMAC,030203
HUANCARAMA,ANDAHUAYLAS,APURIMAC,030204
HUANCARAY,ANDAHUAYLAS,APURIMAC,030205
HUAYANA,ANDAHUAYLAS,APURIMAC,030206
KISHUARA,ANDAHUAYLAS,APURIMAC,030207
PACOBAMBA,ANDAHUAYLAS,APURIMAC,030208
PACUCHA,ANDAHUAYLAS,APURIMAC,030209
PAMPACHIRI,ANDAHUAYLAS,APURIMAC,030210
POMACOCHA,ANDAHUAYLAS,APURIMAC,030211
SAN ANTONIO DE CACHI,ANDAHUAYLAS,APURIMAC,030212
SAN JERONIMO,ANDAHUAYLAS,APURIMAC,030213
SAN MIGUEL DE CHACCRAMPA,ANDAHUAYLAS,APURIMAC,030214
SANTA MARIA DE CHICMO,ANDAHUAYLAS,APURIMAC,030215
TALAVERA,ANDAHUAYLAS,APURIMAC,030216
TUMAY HUARACA,ANDAHUAYLAS,APURIMAC,030217
TURPO,ANDAHUAYLAS,APURIMAC,030218
KAQUIABAMBA,ANDAHUAYLAS,APURIMAC,030219
JOSE MARIA ARGUEDAS,ANDAHUAYLAS,APURIMAC,030220
ANTABAMBA,ANTABAMBA,APURIMAC,030301
EL ORO,ANTABAMBA,APURIMAC,030302
HUAQUIRCA,ANTABAMBA,APURIMAC,030303
JUAN ESPINOZA MEDRANO,ANTABAMBA,APURIMAC,030304
OROPESA,ANTABAMBA,APURIMAC,030305
PACHACONAS,ANTABAMBA,APURIMAC,030306
SABAINO,ANTABAMBA,APURIMAC,030307
CHALHUANCA,AYMARAES,APURIMAC,030401
CAPAYA,AYMARAES,APURIMAC,030402
CARAYBAMBA,AYMARAES,APURIMAC,030403
CHAPIMARCA,AYMARAES,APURIMAC,030404
COLCABAMBA,AYMARAES,APURIMAC,030405
COTARUSE,AYMARAES,APURIMAC,030406
IHUAYLLO,AYMARAES,APURIMAC,030407
JUSTO APU SAHUARAURA,AYMARAES,APURIMAC,030408
LUCRE,AYMARAES,APURIMAC,030409
POCOHUANCA,AYMARAES,APURIMAC,030410
SAN JUAN DE CHACÑA,AYMARAES,APURIMAC,030411
SAÑAYCA,AYMARAES,APURIMAC,030412
SORAYA,AYMARAES,APURIMAC,030413
TAPAIRIHUA,AYMARAES,APURIMAC,030414
TINTAY,AYMARAES,APURIMAC,030415
TORAYA,AYMARAES,APURIMAC,030416
YANACA,AYMARAES,APURIMAC,030417
TAMBOBAMBA,COTABAMBAS,APURIMAC,030501
COTABAMBAS,COTABAMBAS,APURIMAC,030502
COYLLURQUI,COTABAMBAS,APURIMAC,030503
HAQUIRA,COTABAMBAS,APURIMAC,030504
MARA,COTABAMBAS,APURIMAC,030505
CHALLHUAHUACHO,COTABAMBAS,APURIMAC,030506
CHINCHEROS,CHINCHEROS,APURIMAC,030601
ANCO_HUALLO,CHINCHEROS,APURIMAC,030602
COCHARCAS,CHINCHEROS,APURIMAC,030603
HUACCANA,CHINCHEROS,APURIMAC,030604
OCOBAMBA,CHINCHEROS,APURIMAC,030605
ONGOY,CHINCHEROS,APURIMAC,030606
URANMARCA,CHINCHEROS,APURIMAC,030607
RANRACANCHA,CHINCHEROS,APURIMAC,030608
ROCCHACC,CHINCHEROS,APURIMAC,030609
EL PORVENIR,CHINCHEROS,APURIMAC,030610
LOS CHANKAS,CHINCHEROS,APURIMAC,030611
AHUAYRO,CHINCHEROS,APURIMAC,030612
CHUQUIBAMBILLA,GRAU,APURIMAC,030701
CURPAHUASI,GRAU,APURIMAC,030702
GAMARRA,GRAU,APURIMAC,030703
HUAYLLATI,GRAU,APURIMAC,030704
MAMARA,GRAU,APURIMAC,030705
MICAELA BASTIDAS,GRAU,APURIMAC,030706
PATAYPAMPA,GRAU,APURIMAC,030707
PROGRESO,GRAU,APURIMAC,030708
SAN ANTONIO,GRAU,APURIMAC,030709
SANTA ROSA,GRAU,APURIMAC,030710
TURPAY,GRAU,APURIMAC,030711
VILCABAMBA,GRAU,APURIMAC,030712
VIRUNDO,GRAU,APURIMAC,030713
CURASCO,GRAU,APURIMAC,030714
AREQUIPA,AREQUIPA,AREQUIPA,040101
ALTO SELVA ALEGRE,AREQUIPA,AREQUIPA,040102
CAYMA,AREQUIPA,AREQUIPA,040103
CERRO COLORADO,AREQUIPA,AREQUIPA,040104
CHARACATO,AREQUIPA,AREQUIPA,040105
CHIGUATA,AREQUIPA,AREQUIPA,040106
JACOBO HUNTER,AREQUIPA,AREQUIPA,040107
LA JOYA,AREQUIPA,AREQUIPA,040108
MARIANO MELGAR,AREQUIPA,AREQUIPA,040109
MIRAFLORES,AREQUIPA,AREQUIPA,040110
MOLLEBAYA,AREQUIPA,AREQUIPA,040111
PAUCARPATA,AREQUIPA,AREQUIPA,040112
POCSI,AREQUIPA,AREQUIPA,040113
POLOBAYA,AREQUIPA,AREQUIPA,040114
QUEQUEÑA,AREQUIPA,AREQUIPA,040115
SABANDIA,AREQUIPA,AREQUIPA,040116
SACHACA,AREQUIPA,AREQUIPA,040117
SAN JUAN DE SIGUAS,AREQUIPA,AREQUIPA,040118
SAN JUAN DE TARUCANI,AREQUIPA,AREQUIPA,040119
SANTA ISABEL DE SIGUAS,AREQUIPA,AREQUIPA,040120
SANTA RITA DE SIGUAS,AREQUIPA,AREQUIPA,040121
SOCABAYA,AREQUIPA,AREQUIPA,040122
TIABAYA,AREQUIPA,AREQUIPA,040123
UCHUMAYO,AREQUIPA,AREQUIPA,040124
VITOR,AREQUIPA,AREQUIPA,040125
YANAHUARA,AREQUIPA,AREQUIPA,040126
YARABAMBA,AREQUIPA,AREQUIPA,040127
YURA,AREQUIPA,AREQUIPA,040128
JOSE LUIS BUSTAMANTE Y RIVERO,AREQUIPA,AREQUIPA,040129
CAMANA,CAMANA,AREQUIPA,040201
JOSE MARIA QUIMPER,CAMANA,AREQUIPA,040202
MARIANO NICOLAS VALCARCEL,CAMANA,AREQUIPA,040203
MARISCAL CACERES,CAMANA,AREQUIPA,040204
NICOLAS DE PIEROLA,CAMANA,AREQUIPA,040205
OCOÑA,CAMANA,AREQUIPA,040206
QUILCA,CAMANA,AREQUIPA,040207
SAMUEL PASTOR,CAMANA,AREQUIPA,040208
CARAVELI,CARAVELI,AREQUIPA,040301
ACARI,CARAVELI,AREQUIPA,040302
ATICO,CARAVELI,AREQUIPA,040303
ATIQUIPA,CARAVELI,AREQUIPA,040304
BELLA UNION,CARAVELI,AREQUIPA,040305
CAHUACHO,CARAVELI,AREQUIPA,040306
CHALA,CARAVELI,AREQUIPA,040307
CHAPARRA,CARAVELI,AREQUIPA,040308
HUANUHUANU,CARAVELI,AREQUIPA,040309
JAQUI,CARAVELI,AREQUIPA,040310
LOMAS,CARAVELI,AREQUIPA,040311
QUICACHA,CARAVELI,AREQUIPA,040312
YAUCA,CARAVELI,AREQUIPA,040313
APLAO,CASTILLA,AREQUIPA,040401
ANDAGUA,CASTILLA,AREQUIPA,040402
AYO,CASTILLA,AREQUIPA,040403
CHACHAS,CASTILLA,AREQUIPA,040404
CHILCAYMARCA,CASTILLA,AREQUIPA,040405
CHOCO,CASTILLA,AREQUIPA,040406
HUANCARQUI,CASTILLA,AREQUIPA,040407
MACHAGUAY,CASTILLA,AREQUIPA,040408
ORCOPAMPA,CASTILLA,AREQUIPA,040409
PAMPACOLCA,CASTILLA,AREQUIPA,040410
TIPAN,CASTILLA,AREQUIPA,040411
UÑON,CASTILLA,AREQUIPA,040412
URACA,CASTILLA,AREQUIPA,040413
VIRACO,CASTILLA,AREQUIPA,040414
CHIVAY,CAYLLOMA,AREQUIPA,040501
ACHOMA,CAYLLOMA,AREQUIPA,040502
CABANACONDE,CAYLLOMA,AREQUIPA,040503
CALLALLI,CAYLLOMA,AREQUIPA,040504
CAYLLOMA,CAYLLOMA,AREQUIPA,040505
COPORAQUE,CAYLLOMA,AREQUIPA,040506
HUAMBO,CAYLLOMA,AREQUIPA,040507
HUANCA,CAYLLOMA,AREQUIPA,040508
ICHUPAMPA,CAYLLOMA,AREQUIPA,040509
LARI,CAYLLOMA,AREQUIPA,040510
LLUTA,CAYLLOMA,AREQUIPA,040511
MACA,CAYLLOMA,AREQUIPA,040512
MADRIGAL,CAYLLOMA,AREQUIPA,040513
SAN ANTONIO DE CHUCA,CAYLLOMA,AREQUIPA,040514
SIBAYO,CAYLLOMA,AREQUIPA,040515
TAPAY,CAYLLOMA,AREQUIPA,040516
TISCO,CAYLLOMA,AREQUIPA,040517
TUTI,CAYLLOMA,AREQUIPA,040518
YANQUE,CAYLLOMA,AREQUIPA,040519
MAJES,CAYLLOMA,AREQUIPA,040520
CHUQUIBAMBA,CONDESUYOS,AREQUIPA,040601
ANDARAY,CONDESUYOS,AREQUIPA,040602
CAYARANI,CONDESUYOS,AREQUIPA,040603
CHICHAS,CONDESUYOS,AREQUIPA,040604
IRAY,CONDESUYOS,AREQUIPA,040605
RIO GRANDE,CONDESUYOS,AREQUIPA,040606
SALAMANCA,CONDESUYOS,AREQUIPA,040607
YANAQUIHUA,CONDESUYOS,AREQUIPA,040608
MOLLENDO,ISLAY,AREQUIPA,040701
COCACHACRA,ISLAY,AREQUIPA,040702
DEAN VALDIVIA,ISLAY,AREQUIPA,040703
ISLAY,ISLAY,AREQUIPA,040704
MEJIA,ISLAY,AREQUIPA,040705
PUNTA DE BOMBON,ISLAY,AREQUIPA,040706
COTAHUASI,LA UNION,AREQUIPA,040801
ALCA,LA UNION,AREQUIPA,040802
CHARCANA,LA UNION,AREQUIPA,040803
HUAYNACOTAS,LA UNION,AREQUIPA,040804
PAMPAMARCA,LA UNION,AREQUIPA,040805
PUYCA,LA UNION,AREQUIPA,040806
QUECHUALLA,LA UNION,AREQUIPA,040807
SAYLA,LA UNION,AREQUIPA,040808
TAURIA,LA UNION,AREQUIPA,040809
TOMEPAMPA,LA UNION,AREQUIPA,040810
TORO,LA UNION,AREQUIPA,040811
AYACUCHO,HUAMANGA,AYACUCHO,050101
ACOCRO,HUAMANGA,AYACUCHO,050102
ACOS VINCHOS,HUAMANGA,AYACUCHO,050103
CARMEN ALTO,HUAMANGA,AYACUCHO,050104
CHIARA,HUAMANGA,AYACUCHO,050105
OCROS,HUAMANGA,AYACUCHO,050106
PACAYCASA,HUAMANGA,AYACUCHO,050107
QUINUA,HUAMANGA,AYACUCHO,050108
SAN JOSE DE TICLLAS,HUAMANGA,AYACUCHO,050109
SAN JUAN BAUTISTA,HUAMANGA,AYACUCHO,050110
SANTIAGO DE PISCHA,HUAMANGA,AYACUCHO,050111
SOCOS,HUAMANGA,AYACUCHO,050112
TAMBILLO,HUAMANGA,AYACUCHO,050113
VINCHOS,HUAMANGA,AYACUCHO,050114
JESUS NAZARENO,HUAMANGA,AYACUCHO,050115
ANDRES AVELINO CACERES DORREGARAY,HUAMANGA,AYACUCHO,050116
CANGALLO,CANGALLO,AYACUCHO,050201
CHUSCHI,CANGALLO,AYACUCHO,050202
LOS MOROCHUCOS,CANGALLO,AYACUCHO,050203
MARIA PARADO DE BELLIDO,CANGALLO,AYACUCHO,050204
PARAS,CANGALLO,AYACUCHO,050205
TOTOS,CANGALLO,AYACUCHO,050206
SANCOS,HUANCA SANCOS,AYACUCHO,050301
CARAPO,HUANCA SANCOS,AYACUCHO,050302
SACSAMARCA,HUANCA SANCOS,AYACUCHO,050303
SANTIAGO DE LUCANAMARCA,HUANCA SANCOS,AYACUCHO,050304
HUANTA,HUANTA,AYACUCHO,050401
AYAHUANCO,HUANTA,AYACUCHO,050402
HUAMANGUILLA,HUANTA,AYACUCHO,050403
IGUAIN,HUANTA,AYACUCHO,050404
LURICOCHA,HUANTA,AYACUCHO,050405
SANTILLANA,HUANTA,AYACUCHO,050406
SIVIA,HUANTA,AYACUCHO,050407
LLOCHEGUA,HUANTA,AYACUCHO,050408
CANAYRE,HUANTA,AYACUCHO,050409
UCHURACCAY,HUANTA,AYACUCHO,050410
PUCACOLPA,HUANTA,AYACUCHO,050411
CHACA,HUANTA,AYACUCHO,050412
PUTIS,HUANTA,AYACUCHO,050413
SAN MIGUEL,LA MAR,AYACUCHO,050501
ANCO,LA MAR,AYACUCHO,050502
AYNA,LA MAR,AYACUCHO,050503
CHILCAS,LA MAR,AYACUCHO,050504
CHUNGUI,LA MAR,AYACUCHO,050505
LUIS CARRANZA,LA MAR,AYACUCHO,050506
SANTA ROSA,LA MAR,AYACUCHO,050507
TAMBO,LA MAR,AYACUCHO,050508
SAMUGARI,LA MAR,AYACUCHO,050509
ANCHIHUAY,LA MAR,AYACUCHO,050510
ORONCCOY,LA MAR,AYACUCHO,050511
UNION PROGRESO,LA MAR,AYACUCHO,050512
RIO MAGDALENA,LA MAR,AYACUCHO,050513
NINABAMBA,LA MAR,AYACUCHO,050514
PATIBAMBA,LA MAR,AYACUCHO,050515
PUQUIO,LUCANAS,AYACUCHO,050601
AUCARA,LUCANAS,AYACUCHO,050602
CABANA,LUCANAS,AYACUCHO,050603
CARMEN SALCEDO,LUCANAS,AYACUCHO,050604
CHAVIÑA,LUCANAS,AYACUCHO,050605
CHIPAO,LUCANAS,AYACUCHO,050606
HUAC-HUAS,LUCANAS,AYACUCHO,050607
LARAMATE,LUCANAS,AYACUCHO,050608
LEONCIO PRADO,LUCANAS,AYACUCHO,050609
LLAUTA,LUCANAS,AYACUCHO,050610
LUCANAS,LUCANAS,AYACUCHO,050611
OCAÑA,LUCANAS,AYACUCHO,050612
OTOCA,LUCANAS,AYACUCHO,050613
SAISA,LUCANAS,AYACUCHO,050614
SAN CRISTOBAL,LUCANAS,AYACUCHO,050615
SAN JUAN,LUCANAS,AYACUCHO,050616
SAN PEDRO,LUCANAS,AYACUCHO,050617
SAN PEDRO DE PALCO,LUCANAS,AYACUCHO,050618
SANCOS,LUCANAS,AYACUCHO,050619
SANTA ANA DE HUAYCAHUACHO,LUCANAS,AYACUCHO,050620
SANTA LUCIA,LUCANAS,AYACUCHO,050621
CORACORA,PARINACOCHAS,AYACUCHO,050701
CHUMPI,PARINACOCHAS,AYACUCHO,050702
CORONEL CASTAÑEDA,PARINACOCHAS,AYACUCHO,050703
PACAPAUSA,PARINACOCHAS,AYACUCHO,050704
PULLO,PARINACOCHAS,AYACUCHO,050705
PUYUSCA,PARINACOCHAS,AYACUCHO,050706
SAN FRANCISCO DE RIVACAYCO,PARINACOCHAS,AYACUCHO,050707
UPAHUACHO,PARINACOCHAS,AYACUCHO,050708
PAUSA,PAUCAR DEL SARA SARA,AYACUCHO,050801
COLTA,PAUCAR DEL SARA SARA,AYACUCHO,050802
CORCULLA,PAUCAR DEL SARA SARA,AYACUCHO,050803
LAMPA,PAUCAR DEL SARA SARA,AYACUCHO,050804
MARCABAMBA,PAUCAR DEL SARA SARA,AYACUCHO,050805
OYOLO,PAUCAR DEL SARA SARA,AYACUCHO,050806
PARARCA,PAUCAR DEL SARA SARA,AYACUCHO,050807
SAN JAVIER DE ALPABAMBA,PAUCAR DEL SARA SARA,AYACUCHO,050808
SAN JOSE DE USHUA,PAUCAR DEL SARA SARA,AYACUCHO,050809
SARA SARA,PAUCAR DEL SARA SARA,AYACUCHO,050810
QUEROBAMBA,SUCRE,AYACUCHO,050901
BELEN,SUCRE,AYACUCHO,050902
CHALCOS,SUCRE,AYACUCHO,050903
CHILCAYOC,SUCRE,AYACUCHO,050904
HUACAÑA,SUCRE,AYACUCHO,050905
MORCOLLA,SUCRE,AYACUCHO,050906
PAICO,SUCRE,AYACUCHO,050907
SAN PEDRO DE LARCAY,SUCRE,AYACUCHO,050908
SAN SALVADOR DE QUIJE,SUCRE,AYACUCHO,050909
SANTIAGO DE PAUCARAY,SUCRE,AYACUCHO,050910
SORAS,SUCRE,AYACUCHO,050911
HUANCAPI,VICTOR FAJARDO,AYACUCHO,051001
ALCAMENCA,VICTOR FAJARDO,AYACUCHO,051002
APONGO,VICTOR FAJARDO,AYACUCHO,051003
ASQUIPATA,VICTOR FAJARDO,AYACUCHO,051004
CANARIA,VICTOR FAJARDO,AYACUCHO,051005
CAYARA,VICTOR FAJARDO,AYACUCHO,051006
COLCA,VICTOR FAJARDO,AYACUCHO,051007
HUAMANQUIQUIA,VICTOR FAJARDO,AYACUCHO,051008
HUANCARAYLLA,VICTOR FAJARDO,AYACUCHO,051009
HUALLA,VICTOR FAJARDO,AYACUCHO,051010
SARHUA,VICTOR FAJARDO,AYACUCHO,051011
VILCANCHOS,VICTOR FAJARDO,AYACUCHO,051012
VILCAS HUAMAN,VILCAS HUAMAN,AYACUCHO,051101
ACCOMARCA,VILCAS HUAMAN,AYACUCHO,051102
CARHUANCA,VILCAS HUAMAN,AYACUCHO,051103
CONCEPCION,VILCAS HUAMAN,AYACUCHO,051104
HUAMBALPA,VILCAS HUAMAN,AYACUCHO,051105
INDEPENDENCIA,VILCAS HUAMAN,AYACUCHO,051106
SAURAMA,VILCAS HUAMAN,AYACUCHO,051107
VISCHONGO,VILCAS HUAMAN,AYACUCHO,051108
CAJAMARCA,CAJAMARCA,CAJAMARCA,060101
ASUNCION,CAJAMARCA,CAJAMARCA,060102
CHETILLA,CAJAMARCA,CAJAMARCA,060103
COSPAN,CAJAMARCA,CAJAMARCA,060104
ENCAÑADA,CAJAMARCA,CAJAMARCA,060105
JESUS,CAJAMARCA,CAJAMARCA,060106
LLACANORA,CAJAMARCA,CAJAMARCA,060107
LOS BAÑOS DEL INCA,CAJAMARCA,CAJAMARCA,060108
MAGDALENA,CAJAMARCA,CAJAMARCA,060109
MATARA,CAJAMARCA,CAJAMARCA,060110
NAMORA,CAJAMARCA,CAJAMARCA,060111
SAN JUAN,CAJAMARCA,CAJAMARCA,060112
CAJABAMBA,CAJABAMBA,CAJAMARCA,060201
CACHACHI,CAJABAMBA,CAJAMARCA,060202
CONDEBAMBA,CAJABAMBA,CAJAMARCA,060203
SITACOCHA,CAJABAMBA,CAJAMARCA,060204
CELENDIN,CELENDIN,CAJAMARCA,060301
CHUMUCH,CELENDIN,CAJAMARCA,060302
CORTEGANA,CELENDIN,CAJAMARCA,060303
HUASMIN,CELENDIN,CAJAMARCA,060304
JORGE CHAVEZ,CELENDIN,CAJAMARCA,060305
JOSE GALVEZ,CELENDIN,CAJAMARCA,060306
MIGUEL IGLESIAS,CELENDIN,CAJAMARCA,060307
OXAMARCA,CELENDIN,CAJAMARCA,060308
SOROCHUCO,CELENDIN,CAJAMARCA,060309
SUCRE,CELENDIN,CAJAMARCA,060310
UTCO,CELENDIN,CAJAMARCA,060311
LA LIBERTAD DE PALLAN,CELENDIN,CAJAMARCA,060312
CHOTA,CHOTA,CAJAMARCA,060401
ANGUIA,CHOTA,CAJAMARCA,060402
CHADIN,CHOTA,CAJAMARCA,060403
CHIGUIRIP,CHOTA,CAJAMARCA,060404
CHIMBAN,CHOTA,CAJAMARCA,060405
CHOROPAMPA,CHOTA,CAJAMARCA,060406
COCHABAMBA,CHOTA,CAJAMARCA,060407
CONCHAN,CHOTA,CAJAMARCA,060408
HUAMBOS,CHOTA,CAJAMARCA,060409
LAJAS,CHOTA,CAJAMARCA,060410
LLAMA,CHOTA,CAJAMARCA,060411
MIRACOSTA,CHOTA,CAJAMARCA,060412
PACCHA,CHOTA,CAJAMARCA,060413
PION,CHOTA,CAJAMARCA,060414
QUEROCOTO,CHOTA,CAJAMARCA,060415
SAN JUAN DE LICUPIS,CHOTA,CAJAMARCA,060416
TACABAMBA,CHOTA,CAJAMARCA,060417
TOCMOCHE,CHOTA,CAJAMARCA,060418
CHALAMARCA,CHOTA,CAJAMARCA,060419
CONTUMAZA,CONTUMAZA,CAJAMARCA,060501
CHILETE,CONTUMAZA,CAJAMARCA,060502
CUPISNIQUE,CONTUMAZA,CAJAMARCA,060503
GUZMANGO,CONTUMAZA,CAJAMARCA,060504
SAN BENITO,CONTUMAZA,CAJAMARCA,060505
SANTA CRUZ DE TOLED,CONTUMAZA,CAJAMARCA,060506
TANTARICA,CONTUMAZA,CAJAMARCA,060507
YONAN,CONTUMAZA,CAJAMARCA,060508
CUTERVO,CUTERVO,CAJAMARCA,060601
CALLAYUC,CUTERVO,CAJAMARCA,060602
CHOROS,CUTERVO,CAJAMARCA,060603
CUJILLO,CUTERVO,CAJAMARCA,060604
LA RAMADA,CUTERVO,CAJAMARCA,060605
PIMPINGOS,CUTERVO,CAJAMARCA,060606
QUEROCOTILLO,CUTERVO,CAJAMARCA,060607
SAN ANDRES DE CUTERVO,CUTERVO,CAJAMARCA,060608
SAN JUAN DE CUTERVO,CUTERVO,CAJAMARCA,060609
SAN LUIS DE LUCMA,CUTERVO,CAJAMARCA,060610
SANTA CRUZ,CUTERVO,CAJAMARCA,060611
SANTO DOMINGO DE LA CAPILLA,CUTERVO,CAJAMARCA,060612
SANTO TOMAS,CUTERVO,CAJAMARCA,060613
SOCOTA,CUTERVO,CAJAMARCA,060614
TORIBIO CASANOVA,CUTERVO,CAJAMARCA,060615
BAMBAMARCA,HUALGAYOC,CAJAMARCA,060701
CHUGUR,HUALGAYOC,CAJAMARCA,060702
HUALGAYOC,HUALGAYOC,CAJAMARCA,060703
JAEN,JAEN,CAJAMARCA,060801
BELLAVISTA,JAEN,CAJAMARCA,060802
CHONTALI,JAEN,CAJAMARCA,060803
COLASAY,JAEN,CAJAMARCA,060804
HUABAL,JAEN,CAJAMARCA,060805
LAS PIRIAS,JAEN,CAJAMARCA,060806
POMAHUACA,JAEN,CAJAMARCA,060807
PUCARA,JAEN,CAJAMARCA,060808
SALLIQUE,JAEN,CAJAMARCA,060809
SAN FELIPE,JAEN,CAJAMARCA,060810
SAN JOSE DEL ALTO,JAEN,CAJAMARCA,060811
SANTA ROSA,JAEN,CAJAMARCA,060812
SAN IGNACIO,SAN IGNACIO,CAJAMARCA,060901
CHIRINOS,SAN IGNACIO,CAJAMARCA,060902
HUARANGO,SAN IGNACIO,CAJAMARCA,060903
LA COIPA,SAN IGNACIO,CAJAMARCA,060904
NAMBALLE,SAN IGNACIO,CAJAMARCA,060905
SAN JOSE DE LOURDES,SAN IGNACIO,CAJAMARCA,060906
TABACONAS,SAN IGNACIO,CAJAMARCA,060907
PEDRO GALVEZ,SAN MARCOS,CAJAMARCA,061001
CHANCAY,SAN MARCOS,CAJAMARCA,061002
EDUARDO VILLANUEVA,SAN MARCOS,CAJAMARCA,061003
GREGORIO PITA,SAN MARCOS,CAJAMARCA,061004
ICHOCAN,SAN MARCOS,CAJAMARCA,061005
JOSE MANUEL QUIROZ,SAN MARCOS,CAJAMARCA,061006
JOSE SABOGAL,SAN MARCOS,CAJAMARCA,061007
SAN MIGUEL,SAN MIGUEL,CAJAMARCA,061101
BOLIVAR,SAN MIGUEL,CAJAMARCA,061102
CALQUIS,SAN MIGUEL,CAJAMARCA,061103
CATILLUC,SAN MIGUEL,CAJAMARCA,061104
EL PRADO,SAN MIGUEL,CAJAMARCA,061105
LA FLORIDA,SAN MIGUEL,CAJAMARCA,061106
LLAPA,SAN MIGUEL,CAJAMARCA,061107
NANCHOC,SAN MIGUEL,CAJAMARCA,061108
NIEPOS,SAN MIGUEL,CAJAMARCA,061109
SAN GREGORIO,SAN MIGUEL,CAJAMARCA,061110
SAN SILVESTRE DE COCHAN,SAN MIGUEL,CAJAMARCA,061111
TONGOD,SAN MIGUEL,CAJAMARCA,061112
UNION AGUA BLANCA,SAN MIGUEL,CAJAMARCA,061113
SAN PABLO,SAN PABLO,CAJAMARCA,061201
SAN BERNARDINO,SAN PABLO,CAJAMARCA,061202
SAN LUIS,SAN PABLO,CAJAMARCA,061203
TUMBADEN,SAN PABLO,CAJAMARCA,061204
SANTA CRUZ,SANTA CRUZ,CAJAMARCA,061301
ANDABAMBA,SANTA CRUZ,CAJAMARCA,061302
CATACHE,SANTA CRUZ,CAJAMARCA,061303
CHANCAYBAÑOS,SANTA CRUZ,CAJAMARCA,061304
LA ESPERANZA,SANTA CRUZ,CAJAMARCA,061305
NINABAMBA,SANTA CRUZ,CAJAMARCA,061306
PULAN,SANTA CRUZ,CAJAMARCA,061307
SAUCEPAMPA,SANTA CRUZ,CAJAMARCA,061308
SEXI,SANTA CRUZ,CAJAMARCA,061309
UTICYACU,SANTA CRUZ,CAJAMARCA,061310
YAUYUCAN,SANTA CRUZ,CAJAMARCA,061311
CALLAO,CALLAO,CALLAO,070101
BELLAVISTA,CALLAO,CALLAO,070102
CARMEN DE LA LEGUA REYNOSO,CALLAO,CALLAO,070103
LA PERLA,CALLAO,CALLAO,070104
LA PUNTA,CALLAO,CALLAO,070105
VENTANILLA,CALLAO,CALLAO,070106
MI PERU,CALLAO,CALLAO,070107
CUSCO,CUSCO,CUSCO,080101
CCORCA,CUSCO,CUSCO,080102
POROY,CUSCO,CUSCO,080103
SAN JERONIMO,CUSCO,CUSCO,080104
SAN SEBASTIAN,CUSCO,CUSCO,080105
SANTIAGO,CUSCO,CUSCO,080106
SAYLLA,CUSCO,CUSCO,080107
WANCHAQ,CUSCO,CUSCO,080108
ACOMAYO,ACOMAYO,CUSCO,080201
ACOPIA,ACOMAYO,CUSCO,080202
ACOS,ACOMAYO,CUSCO,080203
MOSOC LLACTA,ACOMAYO,CUSCO,080204
POMACANCHI,ACOMAYO,CUSCO,080205
RONDOCAN,ACOMAYO,CUSCO,080206
SANGARARA,ACOMAYO,CUSCO,080207
ANTA,ANTA,CUSCO,080301
ANCAHUASI,ANTA,CUSCO,080302
CACHIMAYO,ANTA,CUSCO,080303
CHINCHAYPUJIO,ANTA,CUSCO,080304
HUAROCONDO,ANTA,CUSCO,080305
LIMATAMBO,ANTA,CUSCO,080306
MOLLEPATA,ANTA,CUSCO,080307
PUCYURA,ANTA,CUSCO,080308
ZURITE,ANTA,CUSCO,080309
CALCA,CALCA,CUSCO,080401
COYA,CALCA,CUSCO,080402
LAMAY,CALCA,CUSCO,080403
LARES,CALCA,CUSCO,080404
PISAC,CALCA,CUSCO,080405
SAN SALVADOR,CALCA,CUSCO,080406
TARAY,CALCA,CUSCO,080407
YANATILE,CALCA,CUSCO,080408
YANAOCA,CANAS,CUSCO,080501
CHECCA,CANAS,CUSCO,080502
KUNTURKANKI,CANAS,CUSCO,080503
LANGUI,CANAS,CUSCO,080504
LAYO,CANAS,CUSCO,080505
PAMPAMARCA,CANAS,CUSCO,080506
QUEHUE,CANAS,CUSCO,080507
TUPAC AMARU,CANAS,CUSCO,080508
SICUANI,CANCHIS,CUSCO,080601
CHECACUPE,CANCHIS,CUSCO,080602
COMBAPATA,CANCHIS,CUSCO,080603
MARANGANI,CANCHIS,CUSCO,080604
PITUMARCA,CANCHIS,CUSCO,080605
SAN PABLO,CANCHIS,CUSCO,080606
SAN PEDRO,CANCHIS,CUSCO,080607
TINTA,CANCHIS,CUSCO,080608
SANTO TOMAS,CHUMBIVILCAS,CUSCO,080701
CAPACMARCA,CHUMBIVILCAS,CUSCO,080702
CHAMACA,CHUMBIVILCAS,CUSCO,080703
COLQUEMARCA,CHUMBIVILCAS,CUSCO,080704
LIVITACA,CHUMBIVILCAS,CUSCO,080705
LLUSCO,CHUMBIVILCAS,CUSCO,080706
QUIÑOTA,CHUMBIVILCAS,CUSCO,080707
VELILLE,CHUMBIVILCAS,CUSCO,080708
ESPINAR,ESPINAR,CUSCO,080801
CONDOROMA,ESPINAR,CUSCO,080802
COPORAQUE,ESPINAR,CUSCO,080803
OCORURO,ESPINAR,CUSCO,080804
PALLPATA,ESPINAR,CUSCO,080805
PICHIGUA,ESPINAR,CUSCO,080806
SUYCKUTAMBO,ESPINAR,CUSCO,080807
ALTO PICHIGUA,ESPINAR,CUSCO,080808
SANTA ANA,LA CONVENCION,CUSCO,080901
ECHARATE,LA CONVENCION,CUSCO,080902
HUAYOPATA,LA CONVENCION,CUSCO,080903
MARANURA,LA CONVENCION,CUSCO,080904
OCOBAMBA,LA CONVENCION,CUSCO,080905
QUELLOUNO,LA CONVENCION,CUSCO,080906
KIMBIRI,LA CONVENCION,CUSCO,080907
SANTA TERESA,LA CONVENCION,CUSCO,080908
VILCABAMBA,LA CONVENCION,CUSCO,080909
PICHARI,LA CONVENCION,CUSCO,080910
INKAWASI,LA CONVENCION,CUSCO,080911
VILLA VIRGEN,LA CONVENCION,CUSCO,080912
VILLA KINTIARINA,LA CONVENCION,CUSCO,080913
MEGANTONI,LA CONVENCION,CUSCO,080914
KUMPIRUSHIATO,LA CONVENCION,CUSCO,080915
CIELO PUNCO,LA CONVENCION,CUSCO,080916
MANITEA,LA CONVENCION,CUSCO,080917
UNION ASHANINKA,LA CONVENCION,CUSCO,080918
PARURO,PARURO,CUSCO,081001
ACCHA,PARURO,CUSCO,081002
CCAPI,PARURO,CUSCO,081003
COLCHA,PARURO,CUSCO,081004
HUANOQUITE,PARURO,CUSCO,081005
OMACHA,PARURO,CUSCO,081006
PACCARITAMBO,PARURO,CUSCO,081007
PILLPINTO,PARURO,CUSCO,081008
YAURISQUE,PARURO,CUSCO,081009
PAUCARTAMBO,PAUCARTAMBO,CUSCO,081101
CAICAY,PAUCARTAMBO,CUSCO,081102
CHALLABAMBA,PAUCARTAMBO,CUSCO,081103
COLQUEPATA,PAUCARTAMBO,CUSCO,081104
HUANCARANI,PAUCARTAMBO,CUSCO,081105
KOSÑIPATA,PAUCARTAMBO,CUSCO,081106
URCOS,QUISPICANCHI,CUSCO,081201
ANDAHUAYLILLAS,QUISPICANCHI,CUSCO,081202
CAMANTI,QUISPICANCHI,CUSCO,081203
CCARHUAYO,QUISPICANCHI,CUSCO,081204
CCATCA,QUISPICANCHI,CUSCO,081205
CUSIPATA,QUISPICANCHI,CUSCO,081206
HUARO,QUISPICANCHI,CUSCO,081207
LUCRE,QUISPICANCHI,CUSCO,081208
MARCAPATA,QUISPICANCHI,CUSCO,081209
OCONGATE,QUISPICANCHI,CUSCO,081210
OROPESA,QUISPICANCHI,CUSCO,081211
QUIQUIJANA,QUISPICANCHI,CUSCO,081212
URUBAMBA,URUBAMBA,CUSCO,081301
CHINCHERO,URUBAMBA,CUSCO,081302
HUAYLLABAMBA,URUBAMBA,CUSCO,081303
MACHUPICCHU,URUBAMBA,CUSCO,081304
MARAS,URUBAMBA,CUSCO,081305
OLLANTAYTAMBO,URUBAMBA,CUSCO,081306
YUCAY,URUBAMBA,CUSCO,081307
HUANCAVELICA,HUANCAVELICA,HUANCAVELICA,090101
ACOBAMBILLA,HUANCAVELICA,HUANCAVELICA,090102
ACORIA,HUANCAVELICA,HUANCAVELICA,090103
CONAYCA,HUANCAVELICA,HUANCAVELICA,090104
CUENCA,HUANCAVELICA,HUANCAVELICA,090105
HUACHOCOLPA,HUANCAVELICA,HUANCAVELICA,090106
HUAYLLAHUARA,HUANCAVELICA,HUANCAVELICA,090107
IZCUCHACA,HUANCAVELICA,HUANCAVELICA,090108
LARIA,HUANCAVELICA,HUANCAVELICA,090109
MANTA,HUANCAVELICA,HUANCAVELICA,090110
MARISCAL CACERES,HUANCAVELICA,HUANCAVELICA,090111
MOYA,HUANCAVELICA,HUANCAVELICA,090112
NUEVO OCCORO,HUANCAVELICA,HUANCAVELICA,090113
PALCA,HUANCAVELICA,HUANCAVELICA,090114
PILCHACA,HUANCAVELICA,HUANCAVELICA,090115
VILCA,HUANCAVELICA,HUANCAVELICA,090116
YAULI,HUANCAVELICA,HUANCAVELICA,090117
ASCENSION,HUANCAVELICA,HUANCAVELICA,090118
HUANDO,HUANCAVELICA,HUANCAVELICA,090119
ACOBAMBA,ACOBAMBA,HUANCAVELICA,090201
ANDABAMBA,ACOBAMBA,HUANCAVELICA,090202
ANTA,ACOBAMBA,HUANCAVELICA,090203
CAJA,ACOBAMBA,HUANCAVELICA,090204
MARCAS,ACOBAMBA,HUANCAVELICA,090205
PAUCARA,ACOBAMBA,HUANCAVELICA,090206
POMACOCHA,ACOBAMBA,HUANCAVELICA,090207
ROSARIO,ACOBAMBA,HUANCAVELICA,090208
LIRCAY,ANGARAES,HUANCAVELICA,090301
ANCHONGA,ANGARAES,HUANCAVELICA,090302
CALLANMARCA,ANGARAES,HUANCAVELICA,090303
CCOCHACCASA,ANGARAES,HUANCAVELICA,090304
CHINCHO,ANGARAES,HUANCAVELICA,090305
CONGALLA,ANGARAES,HUANCAVELICA,090306
HUANCA-HUANCA,ANGARAES,HUANCAVELICA,090307
HUAYLLAY GRANDE,ANGARAES,HUANCAVELICA,090308
JULCAMARCA,ANGARAES,HUANCAVELICA,090309
SAN ANTONIO DE ANTAPARCO,ANGARAES,HUANCAVELICA,090310
SANTO TOMAS DE PATA,ANGARAES,HUANCAVELICA,090311
SECCLLA,ANGARAES,HUANCAVELICA,090312
CASTROVIRREYNA,CASTROVIRREYNA,HUANCAVELICA,090401
ARMA,CASTROVIRREYNA,HUANCAVELICA,090402
AURAHUA,CASTROVIRREYNA,HUANCAVELICA,090403
CAPILLAS,CASTROVIRREYNA,HUANCAVELICA,090404
CHUPAMARCA,CASTROVIRREYNA,HUANCAVELICA,090405
COCAS,CASTROVIRREYNA,HUANCAVELICA,090406
HUACHOS,CASTROVIRREYNA,HUANCAVELICA,090407
HUAMATAMBO,CASTROVIRREYNA,HUANCAVELICA,090408
MOLLEPAMPA,CASTROVIRREYNA,HUANCAVELICA,090409
SAN JUAN,CASTROVIRREYNA,HUANCAVELICA,090410
SANTA ANA,CASTROVIRREYNA,HUANCAVELICA,090411
TANTARA,CASTROVIRREYNA,HUANCAVELICA,090412
TICRAPO,CASTROVIRREYNA,HUANCAVELICA,090413
CHURCAMPA,CHURCAMPA,HUANCAVELICA,090501
ANCO,CHURCAMPA,HUANCAVELICA,090502
CHINCHIHUASI,CHURCAMPA,HUANCAVELICA,090503
EL CARMEN,CHURCAMPA,HUANCAVELICA,090504
LA MERCED,CHURCAMPA,HUANCAVELICA,090505
LOCROJA,CHURCAMPA,HUANCAVELICA,090506
PAUCARBAMBA,CHURCAMPA,HUANCAVELICA,090507
SAN MIGUEL DE MAYOCC,CHURCAMPA,HUANCAVELICA,090508
SAN PEDRO DE CORIS,CHURCAMPA,HUANCAVELICA,090509
PACHAMARCA,CHURCAMPA,HUANCAVELICA,090510
COSME,CHURCAMPA,HUANCAVELICA,090511
HUAYTARA,HUAYTARA,HUANCAVELICA,090601
AYAVI,HUAYTARA,HUANCAVELICA,090602
CORDOVA,HUAYTARA,HUANCAVELICA,090603
HUAYACUNDO ARMA,HUAYTARA,HUANCAVELICA,090604
LARAMARCA,HUAYTARA,HUANCAVELICA,090605
OCOYO,HUAYTARA,HUANCAVELICA,090606
PILPICHACA,HUAYTARA,HUANCAVELICA,090607
QUERCO,HUAYTARA,HUANCAVELICA,090608
QUITO-ARMA,HUAYTARA,HUANCAVELICA,090609
SAN ANTONIO DE CUSICANCHA,HUAYTARA,HUANCAVELICA,090610
SAN FRANCISCO DE SANGAYAICO,HUAYTARA,HUANCAVELICA,090611
SAN ISIDRO,HUAYTARA,HUANCAVELICA,090612
SANTIAGO DE CHOCORVOS,HUAYTARA,HUANCAVELICA,090613
SANTIAGO DE QUIRAHUARA,HUAYTARA,HUANCAVELICA,090614
SANTO DOMINGO DE CAPILLAS,HUAYTARA,HUANCAVELICA,090615
TAMBO,HUAYTARA,HUANCAVELICA,090616
PAMPAS,TAYACAJA,HUANCAVELICA,090701
ACOSTAMBO,TAYACAJA,HUANCAVELICA,090702
ACRAQUIA,TAYACAJA,HUANCAVELICA,090703
AHUAYCHA,TAYACAJA,HUANCAVELICA,090704
COLCABAMBA,TAYACAJA,HUANCAVELICA,090705
DANIEL HERNANDEZ,TAYACAJA,HUANCAVELICA,090706
HUACHOCOLPA,TAYACAJA,HUANCAVELICA,090707
HUARIBAMBA,TAYACAJA,HUANCAVELICA,090709
ÑAHUIMPUQUIO,TAYACAJA,HUANCAVELICA,090710
PAZOS,TAYACAJA,HUANCAVELICA,090711
QUISHUAR,TAYACAJA,HUANCAVELICA,090713
SALCABAMBA,TAYACAJA,HUANCAVELICA,090714
SALCAHUASI,TAYACAJA,HUANCAVELICA,090715
SAN MARCOS DE ROCCHAC,TAYACAJA,HUANCAVELICA,090716
SURCUBAMBA,TAYACAJA,HUANCAVELICA,090717
TINTAY PUNCU,TAYACAJA,HUANCAVELICA,090718
QUICHUAS,TAYACAJA,HUANCAVELICA,090719
ANDAYMARCA,TAYACAJA,HUANCAVELICA,090720
ROBLE,TAYACAJA,HUANCAVELICA,090721
PICHOS,TAYACAJA,HUANCAVELICA,090722
SANTIAGO DE TUCUMA,TAYACAJA,HUANCAVELICA,090723
LAMBRAS,TAYACAJA,HUANCAVELICA,090724
COCHABAMBA,TAYACAJA,HUANCAVELICA,090725
HUANUCO,HUANUCO,HUANUCO,100101
AMARILIS,HUANUCO,HUANUCO,100102
CHINCHAO,HUANUCO,HUANUCO,100103
CHURUBAMBA,HUANUCO,HUANUCO,100104
MARGOS,HUANUCO,HUANUCO,100105
QUISQUI (KICHKI),HUANUCO,HUANUCO,100106
SAN FRANCISCO DE CAYRAN,HUANUCO,HUANUCO,100107
SAN PEDRO DE CHAULAN,HUANUCO,HUANUCO,100108
SANTA MARIA DEL VALLE,HUANUCO,HUANUCO,100109
YARUMAYO,HUANUCO,HUANUCO,100110
PILLCO MARCA,HUANUCO,HUANUCO,100111
YACUS,HUANUCO,HUANUCO,100112
SAN PABLO DE PILLAO,HUANUCO,HUANUCO,100113
AMBO,AMBO,HUANUCO,100201
CAYNA,AMBO,HUANUCO,100202
COLPAS,AMBO,HUANUCO,100203
CONCHAMARCA,AMBO,HUANUCO,100204
HUACAR,AMBO,HUANUCO,100205
SAN FRANCISCO,AMBO,HUANUCO,100206
SAN RAFAEL,AMBO,HUANUCO,100207
TOMAY KICHWA,AMBO,HUANUCO,100208
LA UNION,DOS DE MAYO,HUANUCO,100301
CHUQUIS,DOS DE MAYO,HUANUCO,100307
MARIAS,DOS DE MAYO,HUANUCO,100311
PACHAS,DOS DE MAYO,HUANUCO,100313
QUIVILLA,DOS DE MAYO,HUANUCO,100316
RIPAN,DOS DE MAYO,HUANUCO,100317
SHUNQUI,DOS DE MAYO,HUANUCO,100321
SILLAPATA,DOS DE MAYO,HUANUCO,100322
YANAS,DOS DE MAYO,HUANUCO,100323
HUACAYBAMBA,HUACAYBAMBA,HUANUCO,100401
CANCHABAMBA,HUACAYBAMBA,HUANUCO,100402
COCHABAMBA,HUACAYBAMBA,HUANUCO,100403
PINRA,HUACAYBAMBA,HUANUCO,100404
LLATA,HUAMALIES,HUANUCO,100501
ARANCAY,HUAMALIES,HUANUCO,100502
CHAVIN DE PARIARCA,HUAMALIES,HUANUCO,100503
JACAS GRANDE,HUAMALIES,HUANUCO,100504
JIRCAN,HUAMALIES,HUANUCO,100505
MIRAFLORES,HUAMALIES,HUANUCO,100506
MONZON,HUAMALIES,HUANUCO,100507
PUNCHAO,HUAMALIES,HUANUCO,100508
PUÑOS,HUAMALIES,HUANUCO,100509
SINGA,HUAMALIES,HUANUCO,100510
TANTAMAYO,HUAMALIES,HUANUCO,100511
RUPA-RUPA,LEONCIO PRADO,HUANUCO,100601
DANIEL ALOMIA ROBLES,LEONCIO PRADO,HUANUCO,100602
HERMILIO VALDIZAN,LEONCIO PRADO,HUANUCO,100603
JOSE CRESPO Y CASTILLO,LEONCIO PRADO,HUANUCO,100604
LUYANDO,LEONCIO PRADO,HUANUCO,100605
MARIANO DAMASO BERAUN,LEONCIO PRADO,HUANUCO,100606
PUCAYACU,LEONCIO PRADO,HUANUCO,100607
CASTILLO GRANDE,LEONCIO PRADO,HUANUCO,100608
PUEBLO NUEVO,LEONCIO PRADO,HUANUCO,100609
SANTO DOMINGO DE ANDA,LEONCIO PRADO,HUANUCO,100610
HUACRACHUCO,MARAÑON,HUANUCO,100701
CHOLON,MARAÑON,HUANUCO,100702
SAN BUENAVENTURA,MARAÑON,HUANUCO,100703
LA MORADA,MARAÑON,HUANUCO,100704
SANTA ROSA DE ALTO YANAJANCA,MARAÑON,HUANUCO,100705
PANAO,PACHITEA,HUANUCO,100801
CHAGLLA,PACHITEA,HUANUCO,100802
MOLINO,PACHITEA,HUANUCO,100803
UMARI,PACHITEA,HUANUCO,100804
PUERTO INCA,PUERTO INCA,HUANUCO,100901
CODO DEL POZUZO,PUERTO INCA,HUANUCO,100902
HONORIA,PUERTO INCA,HUANUCO,100903
TOURNAVISTA,PUERTO INCA,HUANUCO,100904
YUYAPICHIS,PUERTO INCA,HUANUCO,100905
JESUS,LAURICOCHA,HUANUCO,101001
BAÑOS,LAURICOCHA,HUANUCO,101002
JIVIA,LAURICOCHA,HUANUCO,101003
QUEROPALCA,LAURICOCHA,HUANUCO,101004
RONDOS,LAURICOCHA,HUANUCO,101005
SAN FRANCISCO DE ASIS,LAURICOCHA,HUANUCO,101006
SAN MIGUEL DE CAURI,LAURICOCHA,HUANUCO,101007
CHAVINILLO,YAROWILCA,HUANUCO,101101
CAHUAC,YAROWILCA,HUANUCO,101102
CHACABAMBA,YAROWILCA,HUANUCO,101103
APARICIO POMARES,YAROWILCA,HUANUCO,101104
JACAS CHICO,YAROWILCA,HUANUCO,101105
OBAS,YAROWILCA,HUANUCO,101106
PAMPAMARCA,YAROWILCA,HUANUCO,101107
CHORAS,YAROWILCA,HUANUCO,101108
ICA,ICA,ICA,110101
LA TINGUIÑA,ICA,ICA,110102
LOS AQUIJES,ICA,ICA,110103
OCUCAJE,ICA,ICA,110104
PACHACUTEC,ICA,ICA,110105
PARCONA,ICA,ICA,110106
PUEBLO NUEVO,ICA,ICA,110107
SALAS,ICA,ICA,110108
SAN JOSE DE LOS MOLINOS,ICA,ICA,110109
SAN JUAN BAUTISTA,ICA,ICA,110110
SANTIAGO,ICA,ICA,110111
SUBTANJALLA,ICA,ICA,110112
TATE,ICA,ICA,110113
YAUCA DEL ROSARIO,ICA,ICA,110114
CHINCHA ALTA,CHINCHA,ICA,110201
ALTO LARAN,CHINCHA,ICA,110202
CHAVIN,CHINCHA,ICA,110203
CHINCHA BAJA,CHINCHA,ICA,110204
EL CARMEN,CHINCHA,ICA,110205
GROCIO PRADO,CHINCHA,ICA,110206
PUEBLO NUEVO,CHINCHA,ICA,110207
SAN JUAN DE YANAC,CHINCHA,ICA,110208
SAN PEDRO DE HUACARPANA,CHINCHA,ICA,110209
SUNAMPE,CHINCHA,ICA,110210
TAMBO DE MORA,CHINCHA,ICA,110211
NASCA,NASCA,ICA,110301
CHANGUILLO,NASCA,ICA,110302
EL INGENIO,NASCA,ICA,110303
MARCONA,NASCA,ICA,110304
VISTA ALEGRE,NASCA,ICA,110305
PALPA,PALPA,ICA,110401
LLIPATA,PALPA,ICA,110402
RIO GRANDE,PALPA,ICA,110403
SANTA CRUZ,PALPA,ICA,110404
TIBILLO,PALPA,ICA,110405
PISCO,PISCO,ICA,110501
HUANCANO,PISCO,ICA,110502
HUMAY,PISCO,ICA,110503
INDEPENDENCIA,PISCO,ICA,110504
PARACAS,PISCO,ICA,110505
SAN ANDRES,PISCO,ICA,110506
SAN CLEMENTE,PISCO,ICA,110507
TUPAC AMARU INCA,PISCO,ICA,110508
HUANCAYO,HUANCAYO,JUNIN,120101
CARHUACALLANGA,HUANCAYO,JUNIN,120104
CHACAPAMPA,HUANCAYO,JUNIN,120105
CHICCHE,HUANCAYO,JUNIN,120106
CHILCA,HUANCAYO,JUNIN,120107
CHONGOS ALTO,HUANCAYO,JUNIN,120108
CHUPURO,HUANCAYO,JUNIN,120111
COLCA,HUANCAYO,JUNIN,120112
CULLHUAS,HUANCAYO,JUNIN,120113
EL TAMBO,HUANCAYO,JUNIN,120114
HUACRAPUQUIO,HUANCAYO,JUNIN,120116
HUALHUAS,HUANCAYO,JUNIN,120117
HUANCAN,HUANCAYO,JUNIN,120119
HUASICANCHA,HUANCAYO,JUNIN,120120
HUAYUCACHI,HUANCAYO,JUNIN,120121
INGENIO,HUANCAYO,JUNIN,120122
PARIAHUANCA,HUANCAYO,JUNIN,120124
PILCOMAYO,HUANCAYO,JUNIN,120125
PUCARA,HUANCAYO,JUNIN,120126
QUICHUAY,HUANCAYO,JUNIN,120127
QUILCAS,HUANCAYO,JUNIN,120128
SAN AGUSTIN,HUANCAYO,JUNIN,120129
SAN JERONIMO DE TUNAN,HUANCAYO,JUNIN,120130
SAÑO,HUANCAYO,JUNIN,120132
SAPALLANGA,HUANCAYO,JUNIN,120133
SICAYA,HUANCAYO,JUNIN,120134
SANTO DOMINGO DE ACOBAMBA,HUANCAYO,JUNIN,120135
VIQUES,HUANCAYO,JUNIN,120136
CONCEPCION,CONCEPCION,JUNIN,120201
ACO,CONCEPCION,JUNIN,120202
ANDAMARCA,CONCEPCION,JUNIN,120203
CHAMBARA,CONCEPCION,JUNIN,120204
COCHAS,CONCEPCION,JUNIN,120205
COMAS,CONCEPCION,JUNIN,120206
HEROINAS TOLEDO,CONCEPCION,JUNIN,120207
MANZANARES,CONCEPCION,JUNIN,120208
MARISCAL CASTILLA,CONCEPCION,JUNIN,120209
MATAHUASI,CONCEPCION,JUNIN,120210
MITO,CONCEPCION,JUNIN,120211
NUEVE DE JULIO,CONCEPCION,JUNIN,120212
ORCOTUNA,CONCEPCION,JUNIN,120213
SAN JOSE DE QUERO,CONCEPCION,JUNIN,120214
SANTA ROSA DE OCOPA,CONCEPCION,JUNIN,120215
CHANCHAMAYO,CHANCHAMAYO,JUNIN,120301
PERENE,CHANCHAMAYO,JUNIN,120302
PICHANAQUI,CHANCHAMAYO,JUNIN,120303
SAN LUIS DE SHUARO,CHANCHAMAYO,JUNIN,120304
SAN RAMON,CHANCHAMAYO,JUNIN,120305
VITOC,CHANCHAMAYO,JUNIN,120306
JAUJA,JAUJA,JUNIN,120401
ACOLLA,JAUJA,JUNIN,120402
APATA,JAUJA,JUNIN,120403
ATAURA,JAUJA,JUNIN,120404
CANCHAYLLO,JAUJA,JUNIN,120405
CURICACA,JAUJA,JUNIN,120406
EL MANTARO,JAUJA,JUNIN,120407
HUAMALI,JAUJA,JUNIN,120408
HUARIPAMPA,JAUJA,JUNIN,120409
HUERTAS,JAUJA,JUNIN,120410
JANJAILLO,JAUJA,JUNIN,120411
JULCAN,JAUJA,JUNIN,120412
LEONOR ORDOÑEZ,JAUJA,JUNIN,120413
LLOCLLAPAMPA,JAUJA,JUNIN,120414
MARCO,JAUJA,JUNIN,120415
MASMA,JAUJA,JUNIN,120416
MASMA CHICCHE,JAUJA,JUNIN,120417
MOLINOS,JAUJA,JUNIN,120418
MONOBAMBA,JAUJA,JUNIN,120419
MUQUI,JAUJA,JUNIN,120420
MUQUIYAUYO,JAUJA,JUNIN,120421
PACA,JAUJA,JUNIN,120422
PACCHA,JAUJA,JUNIN,120423
PANCAN,JAUJA,JUNIN,120424
PARCO,JAUJA,JUNIN,120425
POMACANCHA,JAUJA,JUNIN,120426
RICRAN,JAUJA,JUNIN,120427
SAN LORENZO,JAUJA,JUNIN,120428
SAN PEDRO DE CHUNAN,JAUJA,JUNIN,120429
SAUSA,JAUJA,JUNIN,120430
SINCOS,JAUJA,JUNIN,120431
TUNAN MARCA,JAUJA,JUNIN,120432
YAULI,JAUJA,JUNIN,120433
YAUYOS,JAUJA,JUNIN,120434
JUNIN,JUNIN,JUNIN,120501
CARHUAMAYO,JUNIN,JUNIN,120502
ONDORES,JUNIN,JUNIN,120503
ULCUMAYO,JUNIN,JUNIN,120504
SATIPO,SATIPO,JUNIN,120601
COVIRIALI,SATIPO,JUNIN,120602
LLAYLLA,SATIPO,JUNIN,120603
MAZAMARI,SATIPO,JUNIN,120604
PAMPA HERMOSA,SATIPO,JUNIN,120605
PANGOA,SATIPO,JUNIN,120606
RIO NEGRO,SATIPO,JUNIN,120607
RIO TAMBO,SATIPO,JUNIN,120608
VIZCATÁN DEL ENE,SATIPO,JUNIN,120609
TARMA,TARMA,JUNIN,120701
ACOBAMBA,TARMA,JUNIN,120702
HUARICOLCA,TARMA,JUNIN,120703
HUASAHUASI,TARMA,JUNIN,120704
LA UNION,TARMA,JUNIN,120705
PALCA,TARMA,JUNIN,120706
PALCAMAYO,TARMA,JUNIN,120707
SAN PEDRO DE CAJAS,TARMA,JUNIN,120708
TAPO,TARMA,JUNIN,120709
LA OROYA,YAULI,JUNIN,120801
CHACAPALPA,YAULI,JUNIN,120802
HUAY-HUAY,YAULI,JUNIN,120803
MARCAPOMACOCHA,YAULI,JUNIN,120804
MOROCOCHA,YAULI,JUNIN,120805
PACCHA,YAULI,JUNIN,120806
SANTA BARBARA DE CARHUACAYAN,YAULI,JUNIN,120807
SANTA ROSA DE SACCO,YAULI,JUNIN,120808
SUITUCANCHA,YAULI,JUNIN,120809
YAULI,YAULI,JUNIN,120810
CHUPACA,CHUPACA,JUNIN,120901
AHUAC,CHUPACA,JUNIN,120902
CHONGOS BAJO,CHUPACA,JUNIN,120903
HUACHAC,CHUPACA,JUNIN,120904
HUAMANCACA CHICO,CHUPACA,JUNIN,120905
SAN JUAN DE ISCOS,CHUPACA,JUNIN,120906
SAN JUAN DE JARPA,CHUPACA,JUNIN,120907
TRES DE DICIEMBRE,CHUPACA,JUNIN,120908
YANACANCHA,CHUPACA,JUNIN,120909
TRUJILLO,TRUJILLO,LA LIBERTAD,130101
EL PORVENIR,TRUJILLO,LA LIBERTAD,130102
FLORENCIA DE MORA,TRUJILLO,LA LIBERTAD,130103
HUANCHACO,TRUJILLO,LA LIBERTAD,130104
LA ESPERANZA,TRUJILLO,LA LIBERTAD,130105
LAREDO,TRUJILLO,LA LIBERTAD,130106
MOCHE,TRUJILLO,LA LIBERTAD,130107
POROTO,TRUJILLO,LA LIBERTAD,130108
SALAVERRY,TRUJILLO,LA LIBERTAD,130109
SIMBAL,TRUJILLO,LA LIBERTAD,130110
VICTOR LARCO HERRERA,TRUJILLO,LA LIBERTAD,130111
ALTO TRUJILLO,TRUJILLO,LA LIBERTAD,130112
ASCOPE,ASCOPE,LA LIBERTAD,130201
CHICAMA,ASCOPE,LA LIBERTAD,130202
CHOCOPE,ASCOPE,LA LIBERTAD,130203
MAGDALENA DE CAO,ASCOPE,LA LIBERTAD,130204
PAIJAN,ASCOPE,LA LIBERTAD,130205
RAZURI,ASCOPE,LA LIBERTAD,130206
SANTIAGO DE CAO,ASCOPE,LA LIBERTAD,130207
CASA GRANDE,ASCOPE,LA LIBERTAD,130208
BOLIVAR,BOLIVAR,LA LIBERTAD,130301
BAMBAMARCA,BOLIVAR,LA LIBERTAD,130302
CONDORMARCA,BOLIVAR,LA LIBERTAD,130303
LONGOTEA,BOLIVAR,LA LIBERTAD,130304
UCHUMARCA,BOLIVAR,LA LIBERTAD,130305
UCUNCHA,BOLIVAR,LA LIBERTAD,130306
CHEPEN,CHEPEN,LA LIBERTAD,130401
PACANGA,CHEPEN,LA LIBERTAD,130402
PUEBLO NUEVO,CHEPEN,LA LIBERTAD,130403
JULCAN,JULCAN,LA LIBERTAD,130501
CALAMARCA,JULCAN,LA LIBERTAD,130502
CARABAMBA,JULCAN,LA LIBERTAD,130503
HUASO,JULCAN,LA LIBERTAD,130504
OTUZCO,OTUZCO,LA LIBERTAD,130601
AGALLPAMPA,OTUZCO,LA LIBERTAD,130602
CHARAT,OTUZCO,LA LIBERTAD,130604
HUARANCHAL,OTUZCO,LA LIBERTAD,130605
LA CUESTA,OTUZCO,LA LIBERTAD,130606
MACHE,OTUZCO,LA LIBERTAD,130608
PARANDAY,OTUZCO,LA LIBERTAD,130610
SALPO,OTUZCO,LA LIBERTAD,130611
SINSICAP,OTUZCO,LA LIBERTAD,130613
USQUIL,OTUZCO,LA LIBERTAD,130614
SAN PEDRO DE LLOC,PACASMAYO,LA LIBERTAD,130701
GUADALUPE,PACASMAYO,LA LIBERTAD,130702
JEQUETEPEQUE,PACASMAYO,LA LIBERTAD,130703
PACASMAYO,PACASMAYO,LA LIBERTAD,130704
SAN JOSE,PACASMAYO,LA LIBERTAD,130705
TAYABAMBA,PATAZ,LA LIBERTAD,130801
BULDIBUYO,PATAZ,LA LIBERTAD,130802
CHILLIA,PATAZ,LA LIBERTAD,130803
HUANCASPATA,PATAZ,LA LIBERTAD,130804
HUAYLILLAS,PATAZ,LA LIBERTAD,130805
HUAYO,PATAZ,LA LIBERTAD,130806
ONGON,PATAZ,LA LIBERTAD,130807
PARCOY,PATAZ,LA LIBERTAD,130808
PATAZ,PATAZ,LA LIBERTAD,130809
PIAS,PATAZ,LA LIBERTAD,130810
SANTIAGO DE CHALLAS,PATAZ,LA LIBERTAD,130811
TAURIJA,PATAZ,LA LIBERTAD,130812
URPAY,PATAZ,LA LIBERTAD,130813
HUAMACHUCO,SANCHEZ CARRION,LA LIBERTAD,130901
CHUGAY,SANCHEZ CARRION,LA LIBERTAD,130902
COCHORCO,SANCHEZ CARRION,LA LIBERTAD,130903
CURGOS,SANCHEZ CARRION,LA LIBERTAD,130904
MARCABAL,SANCHEZ CARRION,LA LIBERTAD,130905
SANAGORAN,SANCHEZ CARRION,LA LIBERTAD,130906
SARIN,SANCHEZ CARRION,LA LIBERTAD,130907
SARTIMBAMBA,SANCHEZ CARRION,LA LIBERTAD,130908
SANTIAGO DE CHUCO,SANTIAGO DE CHUCO,LA LIBERTAD,131001
ANGASMARCA,SANTIAGO DE CHUCO,LA LIBERTAD,131002
CACHICADAN,SANTIAGO DE CHUCO,LA LIBERTAD,131003
MOLLEBAMBA,SANTIAGO DE CHUCO,LA LIBERTAD,131004
MOLLEPATA,SANTIAGO DE CHUCO,LA LIBERTAD,131005
QUIRUVILCA,SANTIAGO DE CHUCO,LA LIBERTAD,131006
SANTA CRUZ DE CHUCA,SANTIAGO DE CHUCO,LA LIBERTAD,131007
SITABAMBA,SANTIAGO DE CHUCO,LA LIBERTAD,131008
CASCAS,GRAN CHIMU,LA LIBERTAD,131101
LUCMA,GRAN CHIMU,LA LIBERTAD,131102
MARMOT,GRAN CHIMU,LA LIBERTAD,131103
SAYAPULLO,GRAN CHIMU,LA LIBERTAD,131104
VIRU,VIRU,LA LIBERTAD,131201
CHAO,VIRU,LA LIBERTAD,131202
GUADALUPITO,VIRU,LA LIBERTAD,131203
CHICLAYO,CHICLAYO,LAMBAYEQUE,140101
CHONGOYAPE,CHICLAYO,LAMBAYEQUE,140102
ETEN,CHICLAYO,LAMBAYEQUE,140103
ETEN PUERTO,CHICLAYO,LAMBAYEQUE,140104
JOSE LEONARDO ORTIZ,CHICLAYO,LAMBAYEQUE,140105
LA VICTORIA,CHICLAYO,LAMBAYEQUE,140106
LAGUNAS,CHICLAYO,LAMBAYEQUE,140107
MONSEFU,CHICLAYO,LAMBAYEQUE,140108
NUEVA ARICA,CHICLAYO,LAMBAYEQUE,140109
OYOTUN,CHICLAYO,LAMBAYEQUE,140110
PICSI,CHICLAYO,LAMBAYEQUE,140111
PIMENTEL,CHICLAYO,LAMBAYEQUE,140112
REQUE,CHICLAYO,LAMBAYEQUE,140113
SANTA ROSA,CHICLAYO,LAMBAYEQUE,140114
SAÑA,CHICLAYO,LAMBAYEQUE,140115
CAYALTI,CHICLAYO,LAMBAYEQUE,140116
PATAPO,CHICLAYO,LAMBAYEQUE,140117
POMALCA,CHICLAYO,LAMBAYEQUE,140118
PUCALA,CHICLAYO,LAMBAYEQUE,140119
TUMAN,CHICLAYO,LAMBAYEQUE,140120
FERREÑAFE,FERREÑAFE,LAMBAYEQUE,140201
CAÑARIS,FERREÑAFE,LAMBAYEQUE,140202
INCAHUASI,FERREÑAFE,LAMBAYEQUE,140203
MANUEL ANTONIO MESONES MURO,FERREÑAFE,LAMBAYEQUE,140204
PITIPO,FERREÑAFE,LAMBAYEQUE,140205
PUEBLO NUEVO,FERREÑAFE,LAMBAYEQUE,140206
LAMBAYEQUE,LAMBAYEQUE,LAMBAYEQUE,140301
CHOCHOPE,LAMBAYEQUE,LAMBAYEQUE,140302
ILLIMO,LAMBAYEQUE,LAMBAYEQUE,140303
JAYANCA,LAMBAYEQUE,LAMBAYEQUE,140304
MOCHUMI,LAMBAYEQUE,LAMBAYEQUE,140305
MORROPE,LAMBAYEQUE,LAMBAYEQUE,140306
MOTUPE,LAMBAYEQUE,LAMBAYEQUE,140307
OLMOS,LAMBAYEQUE,LAMBAYEQUE,140308
PACORA,LAMBAYEQUE,LAMBAYEQUE,140309
SALAS,LAMBAYEQUE,LAMBAYEQUE,140310
SAN JOSE,LAMBAYEQUE,LAMBAYEQUE,140311
TUCUME,LAMBAYEQUE,LAMBAYEQUE,140312
LIMA,LIMA,LIMA,150101
ANCON,LIMA,LIMA,150102
ATE,LIMA,LIMA,150103
BARRANCO,LIMA,LIMA,150104
BREÑA,LIMA,LIMA,150105
CARABAYLLO,LIMA,LIMA,150106
CHACLACAYO,LIMA,LIMA,150107
CHORRILLOS,LIMA,LIMA,150108
CIENEGUILLA,LIMA,LIMA,150109
COMAS,LIMA,LIMA,150110
EL AGUSTINO,LIMA,LIMA,150111
INDEPENDENCIA,LIMA,LIMA,150112
JESUS MARIA,LIMA,LIMA,150113
LA MOLINA,LIMA,LIMA,150114
LA VICTORIA,LIMA,LIMA,150115
LINCE,LIMA,LIMA,150116
LOS OLIVOS,LIMA,LIMA,150117
LURIGANCHO,LIMA,LIMA,150118
LURIN,LIMA,LIMA,150119
MAGDALENA DEL MAR,LIMA,LIMA,150120
PUEBLO LIBRE,LIMA,LIMA,150121
MIRAFLORES,LIMA,LIMA,150122
PACHACAMAC,LIMA,LIMA,150123
PUCUSANA,LIMA,LIMA,150124
PUENTE PIEDRA,LIMA,LIMA,150125
PUNTA HERMOSA,LIMA,LIMA,150126
PUNTA NEGRA,LIMA,LIMA,150127
RIMAC,LIMA,LIMA,150128
SAN BARTOLO,LIMA,LIMA,150129
SAN BORJA,LIMA,LIMA,150130
SAN ISIDRO,LIMA,LIMA,150131
SAN JUAN DE LURIGANCHO,LIMA,LIMA,150132
SAN JUAN DE MIRAFLORES,LIMA,LIMA,150133
SAN LUIS,LIMA,LIMA,150134
SAN MARTIN DE PORRES,LIMA,LIMA,150135
SAN MIGUEL,LIMA,LIMA,150136
SANTA ANITA,LIMA,LIMA,150137
SANTA MARIA DEL MAR,LIMA,LIMA,150138
SANTA ROSA,LIMA,LIMA,150139
SANTIAGO DE SURCO,LIMA,LIMA,150140
SURQUILLO,LIMA,LIMA,150141
VILLA EL SALVADOR,LIMA,LIMA,150142
VILLA MARIA DEL TRIUNFO,LIMA,LIMA,150143
BARRANCA,BARRANCA,LIMA,150201
PARAMONGA,BARRANCA,LIMA,150202
PATIVILCA,BARRANCA,LIMA,150203
SUPE,BARRANCA,LIMA,150204
SUPE PUERTO,BARRANCA,LIMA,150205
CAJATAMBO,CAJATAMBO,LIMA,150301
COPA,CAJATAMBO,LIMA,150302
GORGOR,CAJATAMBO,LIMA,150303
HUANCAPON,CAJATAMBO,LIMA,150304
MANAS,CAJATAMBO,LIMA,150305
CANTA,CANTA,LIMA,150401
ARAHUAY,CANTA,LIMA,150402
HUAMANTANGA,CANTA,LIMA,150403
HUAROS,CANTA,LIMA,150404
LACHAQUI,CANTA,LIMA,150405
SAN BUENAVENTURA,CANTA,LIMA,150406
SANTA ROSA DE QUIVES,CANTA,LIMA,150407
SAN VICENTE DE CAÑETE,CAÑETE,LIMA,150501
ASIA,CAÑETE,LIMA,150502
CALANGO,CAÑETE,LIMA,150503
CERRO AZUL,CAÑETE,LIMA,150504
CHILCA,CAÑETE,LIMA,150505
COAYLLO,CAÑETE,LIMA,150506
IMPERIAL,CAÑETE,LIMA,150507
LUNAHUANA,CAÑETE,LIMA,150508
MALA,CAÑETE,LIMA,150509
NUEVO IMPERIAL,CAÑETE,LIMA,150510
PACARAN,CAÑETE,LIMA,150511
QUILMANA,CAÑETE,LIMA,150512
SAN ANTONIO,CAÑETE,LIMA,150513
SAN LUIS,CAÑETE,LIMA,150514
SANTA CRUZ DE FLORES,CAÑETE,LIMA,150515
ZUÑIGA,CAÑETE,LIMA,150516
HUARAL,HUARAL,LIMA,150601
ATAVILLOS ALTO,HUARAL,LIMA,150602
ATAVILLOS BAJO,HUARAL,LIMA,150603
AUCALLAMA,HUARAL,LIMA,150604
CHANCAY,HUARAL,LIMA,150605
IHUARI,HUARAL,LIMA,150606
LAMPIAN,HUARAL,LIMA,150607
PACARAOS,HUARAL,LIMA,150608
SAN MIGUEL DE ACOS,HUARAL,LIMA,150609
SANTA CRUZ DE ANDAMARCA,HUARAL,LIMA,150610
SUMBILCA,HUARAL,LIMA,150611
VEINTISIETE DE NOVIEMBRE,HUARAL,LIMA,150612
MATUCANA,HUAROCHIRI,LIMA,150701
ANTIOQUIA,HUAROCHIRI,LIMA,150702
CALLAHUANCA,HUAROCHIRI,LIMA,150703
CARAMPOMA,HUAROCHIRI,LIMA,150704
CHICLA,HUAROCHIRI,LIMA,150705
CUENCA,HUAROCHIRI,LIMA,150706
HUACHUPAMPA,HUAROCHIRI,LIMA,150707
HUANZA,HUAROCHIRI,LIMA,150708
HUAROCHIRI,HUAROCHIRI,LIMA,150709
LAHUAYTAMBO,HUAROCHIRI,LIMA,150710
LANGA,HUAROCHIRI,LIMA,150711
SAN PEDRO DE LARAOS,HUAROCHIRI,LIMA,150712
MARIATANA,HUAROCHIRI,LIMA,150713
RICARDO PALMA,HUAROCHIRI,LIMA,150714
SAN ANDRES DE TUPICOCHA,HUAROCHIRI,LIMA,150715
SAN ANTONIO,HUAROCHIRI,LIMA,150716
SAN BARTOLOME,HUAROCHIRI,LIMA,150717
SAN DAMIAN,HUAROCHIRI,LIMA,150718
SAN JUAN DE IRIS,HUAROCHIRI,LIMA,150719
SAN JUAN DE TANTARANCHE,HUAROCHIRI,LIMA,150720
SAN LORENZO DE QUINTI,HUAROCHIRI,LIMA,150721
SAN MATEO,HUAROCHIRI,LIMA,150722
SAN MATEO DE OTAO,HUAROCHIRI,LIMA,150723
SAN PEDRO DE CASTA,HUAROCHIRI,LIMA,150724
SAN PEDRO DE HUANCAYRE,HUAROCHIRI,LIMA,150725
SANGALLAYA,HUAROCHIRI,LIMA,150726
SANTA CRUZ DE COCACHACRA,HUAROCHIRI,LIMA,150727
SANTA EULALIA,HUAROCHIRI,LIMA,150728
SANTIAGO DE ANCHUCAYA,HUAROCHIRI,LIMA,150729
SANTIAGO DE TUNA,HUAROCHIRI,LIMA,150730
SANTO DOMINGO DE LOS OLLEROS,HUAROCHIRI,LIMA,150731
SURCO,HUAROCHIRI,LIMA,150732
HUACHO,HUAURA,LIMA,150801
AMBAR,HUAURA,LIMA,150802
CALETA DE CARQUIN,HUAURA,LIMA,150803
CHECRAS,HUAURA,LIMA,150804
HUALMAY,HUAURA,LIMA,150805
HUAURA,HUAURA,LIMA,150806
LEONCIO PRADO,HUAURA,LIMA,150807
PACCHO,HUAURA,LIMA,150808
SANTA LEONOR,HUAURA,LIMA,150809
SANTA MARIA,HUAURA,LIMA,150810
SAYAN,HUAURA,LIMA,150811
VEGUETA,HUAURA,LIMA,150812
OYON,OYON,LIMA,150901
ANDAJES,OYON,LIMA,150902
CAUJUL,OYON,LIMA,150903
COCHAMARCA,OYON,LIMA,150904
NAVAN,OYON,LIMA,150905
PACHANGARA,OYON,LIMA,150906
YAUYOS,YAUYOS,LIMA,151001
ALIS,YAUYOS,LIMA,151002
ALLAUCA,YAUYOS,LIMA,151003
AYAVIRI,YAUYOS,LIMA,151004
AZANGARO,YAUYOS,LIMA,151005
CACRA,YAUYOS,LIMA,151006
CARANIA,YAUYOS,LIMA,151007
CATAHUASI,YAUYOS,LIMA,151008
CHOCOS,YAUYOS,LIMA,151009
COCHAS,YAUYOS,LIMA,151010
COLONIA,YAUYOS,LIMA,151011
HONGOS,YAUYOS,LIMA,151012
HUAMPARA,YAUYOS,LIMA,151013
HUANCAYA,YAUYOS,LIMA,151014
HUANGASCAR,YAUYOS,LIMA,151015
HUANTAN,YAUYOS,LIMA,151016
HUAÑEC,YAUYOS,LIMA,151017
LARAOS,YAUYOS,LIMA,151018
LINCHA,YAUYOS,LIMA,151019
MADEAN,YAUYOS,LIMA,151020
MIRAFLORES,YAUYOS,LIMA,151021
OMAS,YAUYOS,LIMA,151022
PUTINZA,YAUYOS,LIMA,151023
QUINCHES,YAUYOS,LIMA,151024
QUINOCAY,YAUYOS,LIMA,151025
SAN JOAQUIN,YAUYOS,LIMA,151026
SAN PEDRO DE PILAS,YAUYOS,LIMA,151027
TANTA,YAUYOS,LIMA,151028
TAURIPAMPA,YAUYOS,LIMA,151029
TOMAS,YAUYOS,LIMA,151030
TUPE,YAUYOS,LIMA,151031
VIÑAC,YAUYOS,LIMA,151032
VITIS,YAUYOS,LIMA,151033
IQUITOS,MAYNAS,LORETO,160101
ALTO NANAY,MAYNAS,LORETO,160102
FERNANDO LORES,MAYNAS,LORETO,160103
INDIANA,MAYNAS,LORETO,160104
LAS AMAZONAS,MAYNAS,LORETO,160105
MAZAN,MAYNAS,LORETO,160106
NAPO,MAYNAS,LORETO,160107
PUNCHANA,MAYNAS,LORETO,160108
TORRES CAUSANA,MAYNAS,LORETO,160110
BELEN,MAYNAS,LORETO,160112
SAN JUAN BAUTISTA,MAYNAS,LORETO,160113
YURIMAGUAS,ALTO AMAZONAS,LORETO,160201
BALSAPUERTO,ALTO AMAZONAS,LORETO,160202
JEBEROS,ALTO AMAZONAS,LORETO,160205
LAGUNAS,ALTO AMAZONAS,LORETO,160206
SANTA CRUZ,ALTO AMAZONAS,LORETO,160210
TENIENTE CESAR LOPEZ ROJAS,ALTO AMAZONAS,LORETO,160211
NAUTA,LORETO,LORETO,160301
PARINARI,LORETO,LORETO,160302
TIGRE,LORETO,LORETO,160303
TROMPETEROS,LORETO,LORETO,160304
URARINAS,LORETO,LORETO,160305
RAMON CASTILLA,MARISCAL RAMON CASTILLA,LORETO,160401
PEBAS,MARISCAL RAMON CASTILLA,LORETO,160402
YAVARI,MARISCAL RAMON CASTILLA,LORETO,160403
SAN PABLO,MARISCAL RAMON CASTILLA,LORETO,160404
REQUENA,REQUENA,LORETO,160501
ALTO TAPICHE,REQUENA,LORETO,160502
CAPELO,REQUENA,LORETO,160503
EMILIO SAN MARTIN,REQUENA,LORETO,160504
MAQUIA,REQUENA,LORETO,160505
PUINAHUA,REQUENA,LORETO,160506
SAQUENA,REQUENA,LORETO,160507
SOPLIN,REQUENA,LORETO,160508
TAPICHE,REQUENA,LORETO,160509
JENARO HERRERA,REQUENA,LORETO,160510
YAQUERANA,REQUENA,LORETO,160511
CONTAMANA,UCAYALI,LORETO,160601
INAHUAYA,UCAYALI,LORETO,160602
PADRE MARQUEZ,UCAYALI,LORETO,160603
PAMPA HERMOSA,UCAYALI,LORETO,160604
SARAYACU,UCAYALI,LORETO,160605
VARGAS GUERRA,UCAYALI,LORETO,160606
BARRANCA,DATEM DEL MARAÑON,LORETO,160701
CAHUAPANAS,DATEM DEL MARAÑON,LORETO,160702
MANSERICHE,DATEM DEL MARAÑON,LORETO,160703
MORONA,DATEM DEL MARAÑON,LORETO,160704
PASTAZA,DATEM DEL MARAÑON,LORETO,160705
ANDOAS,DATEM DEL MARAÑON,LORETO,160706
PUTUMAYO,PUTUMAYO,LORETO,160801
ROSA PANDURO,PUTUMAYO,LORETO,160802
TENIENTE MANUEL CLAVERO,PUTUMAYO,LORETO,160803
YAGUAS,PUTUMAYO,LORETO,160804
TAMBOPATA,TAMBOPATA,MADRE DE DIOS,170101
INAMBARI,TAMBOPATA,MADRE DE DIOS,170102
LAS PIEDRAS,TAMBOPATA,MADRE DE DIOS,170103
LABERINTO,TAMBOPATA,MADRE DE DIOS,170104
MANU,MANU,MADRE DE DIOS,170201
FITZCARRALD,MANU,MADRE DE DIOS,170202
MADRE DE DIOS,MANU,MADRE DE DIOS,170203
HUEPETUHE,MANU,MADRE DE DIOS,170204
IÑAPARI,TAHUAMANU,MADRE DE DIOS,170301
IBERIA,TAHUAMANU,MADRE DE DIOS,170302
TAHUAMANU,TAHUAMANU,MADRE DE DIOS,170303
MOQUEGUA,MARISCAL NIETO,MOQUEGUA,180101
CARUMAS,MARISCAL NIETO,MOQUEGUA,180102
CUCHUMBAYA,MARISCAL NIETO,MOQUEGUA,180103
SAMEGUA,MARISCAL NIETO,MOQUEGUA,180104
SAN CRISTOBAL,MARISCAL NIETO,MOQUEGUA,180105
TORATA,MARISCAL NIETO,MOQUEGUA,180106
SAN ANTONIO,MARISCAL NIETO,MOQUEGUA,180107
OMATE,GENERAL SANCHEZ CERRO,MOQUEGUA,180201
CHOJATA,GENERAL SANCHEZ CERRO,MOQUEGUA,180202
COALAQUE,GENERAL SANCHEZ CERRO,MOQUEGUA,180203
ICHUÑA,GENERAL SANCHEZ CERRO,MOQUEGUA,180204
LA CAPILLA,GENERAL SANCHEZ CERRO,MOQUEGUA,180205
LLOQUE,GENERAL SANCHEZ CERRO,MOQUEGUA,180206
MATALAQUE,GENERAL SANCHEZ CERRO,MOQUEGUA,180207
PUQUINA,GENERAL SANCHEZ CERRO,MOQUEGUA,180208
QUINISTAQUILLAS,GENERAL SANCHEZ CERRO,MOQUEGUA,180209
UBINAS,GENERAL SANCHEZ CERRO,MOQUEGUA,180210
YUNGA,GENERAL SANCHEZ CERRO,MOQUEGUA,180211
ILO,ILO,MOQUEGUA,180301
EL ALGARROBAL,ILO,MOQUEGUA,180302
PACOCHA,ILO,MOQUEGUA,180303
CHAUPIMARCA,PASCO,PASCO,190101
HUACHON,PASCO,PASCO,190102
HUARIACA,PASCO,PASCO,190103
HUAYLLAY,PASCO,PASCO,190104
NINACACA,PASCO,PASCO,190105
PALLANCHACRA,PASCO,PASCO,190106
PAUCARTAMBO,PASCO,PASCO,190107
SAN FRANCISCO DE ASIS DE YARUSYACAN,PASCO,PASCO,190108
SIMON BOLIVAR,PASCO,PASCO,190109
TICLACAYAN,PASCO,PASCO,190110
TINYAHUARCO,PASCO,PASCO,190111
VICCO,PASCO,PASCO,190112
YANACANCHA,PASCO,PASCO,190113
YANAHUANCA,DANIEL ALCIDES CARRION,PASCO,190201
CHACAYAN,DANIEL ALCIDES CARRION,PASCO,190202
GOYLLARISQUIZGA,DANIEL ALCIDES CARRION,PASCO,190203
PAUCAR,DANIEL ALCIDES CARRION,PASCO,190204
SAN PEDRO DE PILLAO,DANIEL ALCIDES CARRION,PASCO,190205
SANTA ANA DE TUSI,DANIEL ALCIDES CARRION,PASCO,190206
TAPUC,DANIEL ALCIDES CARRION,PASCO,190207
VILCABAMBA,DANIEL ALCIDES CARRION,PASCO,190208
OXAPAMPA,OXAPAMPA,PASCO,190301
CHONTABAMBA,OXAPAMPA,PASCO,190302
HUANCABAMBA,OXAPAMPA,PASCO,190303
PALCAZU,OXAPAMPA,PASCO,190304
POZUZO,OXAPAMPA,PASCO,190305
PUERTO BERMUDEZ,OXAPAMPA,PASCO,190306
VILLA RICA,OXAPAMPA,PASCO,190307
CONSTITUCION,OXAPAMPA,PASCO,190308
PIURA,PIURA,PIURA,200101
CASTILLA,PIURA,PIURA,200104
CATACAOS,PIURA,PIURA,200105
CURA MORI,PIURA,PIURA,200107
EL TALLAN,PIURA,PIURA,200108
LA ARENA,PIURA,PIURA,200109
LA UNION,PIURA,PIURA,200110
LAS LOMAS,PIURA,PIURA,200111
TAMBO GRANDE,PIURA,PIURA,200114
VEINTISEIS DE OCTUBRE,PIURA,PIURA,200115
AYABACA,AYABACA,PIURA,200201
FRIAS,AYABACA,PIURA,200202
JILILI,AYABACA,PIURA,200203
LAGUNAS,AYABACA,PIURA,200204
MONTERO,AYABACA,PIURA,200205
PACAIPAMPA,AYABACA,PIURA,200206
PAIMAS,AYABACA,PIURA,200207
SAPILLICA,AYABACA,PIURA,200208
SICCHEZ,AYABACA,PIURA,200209
SUYO,AYABACA,PIURA,200210
HUANCABAMBA,HUANCABAMBA,PIURA,200301
CANCHAQUE,HUANCABAMBA,PIURA,200302
EL CARMEN DE LA FRONTERA,HUANCABAMBA,PIURA,200303
HUARMACA,HUANCABAMBA,PIURA,200304
LALAQUIZ,HUANCABAMBA,PIURA,200305
SAN MIGUEL DE EL FAIQUE,HUANCABAMBA,PIURA,200306
SONDOR,HUANCABAMBA,PIURA,200307
SONDORILLO,HUANCABAMBA,PIURA,200308
CHULUCANAS,MORROPON,PIURA,200401
BUENOS AIRES,MORROPON,PIURA,200402
CHALACO,MORROPON,PIURA,200403
LA MATANZA,MORROPON,PIURA,200404
MORROPON,MORROPON,PIURA,200405
SALITRAL,MORROPON,PIURA,200406
SAN JUAN DE BIGOTE,MORROPON,PIURA,200407
SANTA CATALINA DE MOSSA,MORROPON,PIURA,200408
SANTO DOMINGO,MORROPON,PIURA,200409
YAMANGO,MORROPON,PIURA,200410
PAITA,PAITA,PIURA,200501
AMOTAPE,PAITA,PIURA,200502
ARENAL,PAITA,PIURA,200503
COLAN,PAITA,PIURA,200504
LA HUACA,PAITA,PIURA,200505
TAMARINDO,PAITA,PIURA,200506
VICHAYAL,PAITA,PIURA,200507
SULLANA,SULLANA,PIURA,200601
BELLAVISTA,SULLANA,PIURA,200602
IGNACIO ESCUDERO,SULLANA,PIURA,200603
LANCONES,SULLANA,PIURA,200604
MARCAVELICA,SULLANA,PIURA,200605
MIGUEL CHECA,SULLANA,PIURA,200606
QUERECOTILLO,SULLANA,PIURA,200607
SALITRAL,SULLANA,PIURA,200608
PARIÑAS,TALARA,PIURA,200701
EL ALTO,TALARA,PIURA,200702
LA BREA,TALARA,PIURA,200703
LOBITOS,TALARA,PIURA,200704
LOS ORGANOS,TALARA,PIURA,200705
MANCORA,TALARA,PIURA,200706
SECHURA,SECHURA,PIURA,200801
BELLAVISTA DE LA UNION,SECHURA,PIURA,200802
BERNAL,SECHURA,PIURA,200803
CRISTO NOS VALGA,SECHURA,PIURA,200804
VICE,SECHURA,PIURA,200805
RINCONADA LLICUAR,SECHURA,PIURA,200806
PUNO,PUNO,PUNO,210101
ACORA,PUNO,PUNO,210102
AMANTANI,PUNO,PUNO,210103
ATUNCOLLA,PUNO,PUNO,210104
CAPACHICA,PUNO,PUNO,210105
CHUCUITO,PUNO,PUNO,210106
COATA,PUNO,PUNO,210107
HUATA,PUNO,PUNO,210108
MAÑAZO,PUNO,PUNO,210109
PAUCARCOLLA,PUNO,PUNO,210110
PICHACANI,PUNO,PUNO,210111
PLATERIA,PUNO,PUNO,210112
SAN ANTONIO,PUNO,PUNO,210113
TIQUILLACA,PUNO,PUNO,210114
VILQUE,PUNO,PUNO,210115
AZANGARO,AZANGARO,PUNO,210201
ACHAYA,AZANGARO,PUNO,210202
ARAPA,AZANGARO,PUNO,210203
ASILLO,AZANGARO,PUNO,210204
CAMINACA,AZANGARO,PUNO,210205
CHUPA,AZANGARO,PUNO,210206
JOSE DOMINGO CHOQUEHUANCA,AZANGARO,PUNO,210207
MUÑANI,AZANGARO,PUNO,210208
POTONI,AZANGARO,PUNO,210209
SAMAN,AZANGARO,PUNO,210210
SAN ANTON,AZANGARO,PUNO,210211
SAN JOSE,AZANGARO,PUNO,210212
SAN JUAN DE SALINAS,AZANGARO,PUNO,210213
SANTIAGO DE PUPUJA,AZANGARO,PUNO,210214
TIRAPATA,AZANGARO,PUNO,210215
MACUSANI,CARABAYA,PUNO,210301
AJOYANI,CARABAYA,PUNO,210302
AYAPATA,CARABAYA,PUNO,210303
COASA,CARABAYA,PUNO,210304
CORANI,CARABAYA,PUNO,210305
CRUCERO,CARABAYA,PUNO,210306
ITUATA,CARABAYA,PUNO,210307
OLLACHEA,CARABAYA,PUNO,210308
SAN GABAN,CARABAYA,PUNO,210309
USICAYOS,CARABAYA,PUNO,210310
JULI,CHUCUITO,PUNO,210401
DESAGUADERO,CHUCUITO,PUNO,210402
HUACULLANI,CHUCUITO,PUNO,210403
KELLUYO,CHUCUITO,PUNO,210404
PISACOMA,CHUCUITO,PUNO,210405
POMATA,CHUCUITO,PUNO,210406
ZEPITA,CHUCUITO,PUNO,210407
ILAVE,EL COLLAO,PUNO,210501
CAPAZO,EL COLLAO,PUNO,210502
PILCUYO,EL COLLAO,PUNO,210503
SANTA ROSA,EL COLLAO,PUNO,210504
CONDURIRI,EL COLLAO,PUNO,210505
HUANCANE,HUANCANE,PUNO,210601
COJATA,HUANCANE,PUNO,210602
HUATASANI,HUANCANE,PUNO,210603
INCHUPALLA,HUANCANE,PUNO,210604
PUSI,HUANCANE,PUNO,210605
ROSASPATA,HUANCANE,PUNO,210606
TARACO,HUANCANE,PUNO,210607
VILQUE CHICO,HUANCANE,PUNO,210608
LAMPA,LAMPA,PUNO,210701
CABANILLA,LAMPA,PUNO,210702
CALAPUJA,LAMPA,PUNO,210703
NICASIO,LAMPA,PUNO,210704
OCUVIRI,LAMPA,PUNO,210705
PALCA,LAMPA,PUNO,210706
PARATIA,LAMPA,PUNO,210707
PUCARA,LAMPA,PUNO,210708
SANTA LUCIA,LAMPA,PUNO,210709
VILAVILA,LAMPA,PUNO,210710
AYAVIRI,MELGAR,PUNO,210801
ANTAUTA,MELGAR,PUNO,210802
CUPI,MELGAR,PUNO,210803
LLALLI,MELGAR,PUNO,210804
MACARI,MELGAR,PUNO,210805
NUÑOA,MELGAR,PUNO,210806
ORURILLO,MELGAR,PUNO,210807
SANTA ROSA,MELGAR,PUNO,210808
UMACHIRI,MELGAR,PUNO,210809
MOHO,MOHO,PUNO,210901
CONIMA,MOHO,PUNO,210902
HUAYRAPATA,MOHO,PUNO,210903
TILALI,MOHO,PUNO,210904
PUTINA,SAN ANTONIO DE PUTINA,PUNO,211001
ANANEA,SAN ANTONIO DE PUTINA,PUNO,211002
PEDRO VILCA APAZA,SAN ANTONIO DE PUTINA,PUNO,211003
QUILCAPUNCU,SAN ANTONIO DE PUTINA,PUNO,211004
SINA,SAN ANTONIO DE PUTINA,PUNO,211005
JULIACA,SAN ROMAN,PUNO,211101
CABANA,SAN ROMAN,PUNO,211102
CABANILLAS,SAN ROMAN,PUNO,211103
CARACOTO,SAN ROMAN,PUNO,211104
SAN MIGUEL,SAN ROMAN,PUNO,211105
SANDIA,SANDIA,PUNO,211201
CUYOCUYO,SANDIA,PUNO,211202
LIMBANI,SANDIA,PUNO,211203
PATAMBUCO,SANDIA,PUNO,211204
PHARA,SANDIA,PUNO,211205
QUIACA,SANDIA,PUNO,211206
SAN JUAN DEL ORO,SANDIA,PUNO,211207
YANAHUAYA,SANDIA,PUNO,211208
ALTO INAMBARI,SANDIA,PUNO,211209
SAN PEDRO DE PUTINA PUNCO,SANDIA,PUNO,211210
YUNGUYO,YUNGUYO,PUNO,211301
ANAPIA,YUNGUYO,PUNO,211302
COPANI,YUNGUYO,PUNO,211303
CUTURAPI,YUNGUYO,PUNO,211304
OLLARAYA,YUNGUYO,PUNO,211305
TINICACHI,YUNGUYO,PUNO,211306
UNICACHI,YUNGUYO,PUNO,211307
MOYOBAMBA,MOYOBAMBA,SAN MARTIN,220101
CALZADA,MOYOBAMBA,SAN MARTIN,220102
HABANA,MOYOBAMBA,SAN MARTIN,220103
JEPELACIO,MOYOBAMBA,SAN MARTIN,220104
SORITOR,MOYOBAMBA,SAN MARTIN,220105
YANTALO,MOYOBAMBA,SAN MARTIN,220106
BELLAVISTA,BELLAVISTA,SAN MARTIN,220201
ALTO BIAVO,BELLAVISTA,SAN MARTIN,220202
BAJO BIAVO,BELLAVISTA,SAN MARTIN,220203
HUALLAGA,BELLAVISTA,SAN MARTIN,220204
SAN PABLO,BELLAVISTA,SAN MARTIN,220205
SAN RAFAEL,BELLAVISTA,SAN MARTIN,220206
SAN JOSE DE SISA,EL DORADO,SAN MARTIN,220301
AGUA BLANCA,EL DORADO,SAN MARTIN,220302
SAN MARTIN,EL DORADO,SAN MARTIN,220303
SANTA ROSA,EL DORADO,SAN MARTIN,220304
SHATOJA,EL DORADO,SAN MARTIN,220305
SAPOSOA,HUALLAGA,SAN MARTIN,220401
ALTO SAPOSOA,HUALLAGA,SAN MARTIN,220402
EL ESLABON,HUALLAGA,SAN MARTIN,220403
PISCOYACU,HUALLAGA,SAN MARTIN,220404
SACANCHE,HUALLAGA,SAN MARTIN,220405
TINGO DE SAPOSOA,HUALLAGA,SAN MARTIN,220406
LAMAS,LAMAS,SAN MARTIN,220501
ALONSO DE ALVARADO,LAMAS,SAN MARTIN,220502
BARRANQUITA,LAMAS,SAN MARTIN,220503
CAYNARACHI,LAMAS,SAN MARTIN,220504
CUÑUMBUQUI,LAMAS,SAN MARTIN,220505
PINTO RECODO,LAMAS,SAN MARTIN,220506
RUMISAPA,LAMAS,SAN MARTIN,220507
SAN ROQUE DE CUMBAZA,LAMAS,SAN MARTIN,220508
SHANAO,LAMAS,SAN MARTIN,220509
TABALOSOS,LAMAS,SAN MARTIN,220510
ZAPATERO,LAMAS,SAN MARTIN,220511
JUANJUI,MARISCAL CACERES,SAN MARTIN,220601
CAMPANILLA,MARISCAL CACERES,SAN MARTIN,220602
HUICUNGO,MARISCAL CACERES,SAN MARTIN,220603
PACHIZA,MARISCAL CACERES,SAN MARTIN,220604
PAJARILLO,MARISCAL CACERES,SAN MARTIN,220605
PICOTA,PICOTA,SAN MARTIN,220701
BUENOS AIRES,PICOTA,SAN MARTIN,220702
CASPISAPA,PICOTA,SAN MARTIN,220703
PILLUANA,PICOTA,SAN MARTIN,220704
PUCACACA,PICOTA,SAN MARTIN,220705
SAN CRISTOBAL,PICOTA,SAN MARTIN,220706
SAN HILARION,PICOTA,SAN MARTIN,220707
SHAMBOYACU,PICOTA,SAN MARTIN,220708
TINGO DE PONASA,PICOTA,SAN MARTIN,220709
TRES UNIDOS,PICOTA,SAN MARTIN,220710
RIOJA,RIOJA,SAN MARTIN,220801
AWAJUN,RIOJA,SAN MARTIN,220802
ELIAS SOPLIN VARGAS,RIOJA,SAN MARTIN,220803
NUEVA CAJAMARCA,RIOJA,SAN MARTIN,220804
PARDO MIGUEL,RIOJA,SAN MARTIN,220805
POSIC,RIOJA,SAN MARTIN,220806
SAN FERNANDO,RIOJA,SAN MARTIN,220807
YORONGOS,RIOJA,SAN MARTIN,220808
YURACYACU,RIOJA,SAN MARTIN,220809
TARAPOTO,SAN MARTIN,SAN MARTIN,220901
ALBERTO LEVEAU,SAN MARTIN,SAN MARTIN,220902
CACATACHI,SAN MARTIN,SAN MARTIN,220903
CHAZUTA,SAN MARTIN,SAN MARTIN,220904
CHIPURANA,SAN MARTIN,SAN MARTIN,220905
EL PORVENIR,SAN MARTIN,SAN MARTIN,220906
HUIMBAYOC,SAN MARTIN,SAN MARTIN,220907
JUAN GUERRA,SAN MARTIN,SAN MARTIN,220908
LA BANDA DE SHILCAYO,SAN MARTIN,SAN MARTIN,220909
MORALES,SAN MARTIN,SAN MARTIN,220910
PAPAPLAYA,SAN MARTIN,SAN MARTIN,220911
SAN ANTONIO,SAN MARTIN,SAN MARTIN,220912
SAUCE,SAN MARTIN,SAN MARTIN,220913
SHAPAJA,SAN MARTIN,SAN MARTIN,220914
TOCACHE,TOCACHE,SAN MARTIN,221001
NUEVO PROGRESO,TOCACHE,SAN MARTIN,221002
POLVORA,TOCACHE,SAN MARTIN,221003
SHUNTE,TOCACHE,SAN MARTIN,221004
UCHIZA,TOCACHE,SAN MARTIN,221005
SANTA LUCIA,TOCACHE,SAN MARTIN,221006
TACNA,TACNA,TACNA,230101
ALTO DE LA ALIANZA,TACNA,TACNA,230102
CALANA,TACNA,TACNA,230103
CIUDAD NUEVA,TACNA,TACNA,230104
INCLAN,TACNA,TACNA,230105
PACHIA,TACNA,TACNA,230106
PALCA,TACNA,TACNA,230107
POCOLLAY,TACNA,TACNA,230108
SAMA,TACNA,TACNA,230109
CORONEL GREGORIO ALBARRACIN LANCHIPA,TACNA,TACNA,230110
LA YARADA LOS PALOS,TACNA,TACNA,230111
CANDARAVE,CANDARAVE,TACNA,230201
CAIRANI,CANDARAVE,TACNA,230202
CAMILACA,CANDARAVE,TACNA,230203
CURIBAYA,CANDARAVE,TACNA,230204
HUANUARA,CANDARAVE,TACNA,230205
QUILAHUANI,CANDARAVE,TACNA,230206
LOCUMBA,JORGE BASADRE,TACNA,230301
ILABAYA,JORGE BASADRE,TACNA,230302
ITE,JORGE BASADRE,TACNA,230303
TARATA,TARATA,TACNA,230401
HEROES ALBARRACIN,TARATA,TACNA,230402
ESTIQUE,TARATA,TACNA,230403
ESTIQUE-PAMPA,TARATA,TACNA,230404
SITAJARA,TARATA,TACNA,230405
SUSAPAYA,TARATA,TACNA,230406
TARUCACHI,TARATA,TACNA,230407
TICACO,TARATA,TACNA,230408
TUMBES,TUMBES,TUMBES,240101
CORRALES,TUMBES,TUMBES,240102
LA CRUZ,TUMBES,TUMBES,240103
PAMPAS DE HOSPITAL,TUMBES,TUMBES,240104
SAN JACINTO,TUMBES,TUMBES,240105
SAN JUAN DE LA VIRGEN,TUMBES,TUMBES,240106
ZORRITOS,CONTRALMIRANTE VILLAR,TUMBES,240201
CASITAS,CONTRALMIRANTE VILLAR,TUMBES,240202
CANOAS DE PUNTA SAL,CONTRALMIRANTE VILLAR,TUMBES,240203
ZARUMILLA,ZARUMILLA,TUMBES,240301
AGUAS VERDES,ZARUMILLA,TUMBES,240302
MATAPALO,ZARUMILLA,TUMBES,240303
PAPAYAL,ZARUMILLA,TUMBES,240304
CALLERIA,CORONEL PORTILLO,UCAYALI,250101
CAMPOVERDE,CORONEL PORTILLO,UCAYALI,250102
IPARIA,CORONEL PORTILLO,UCAYALI,250103
MASISEA,CORONEL PORTILLO,UCAYALI,250104
YARINACOCHA,CORONEL PORTILLO,UCAYALI,250105
NUEVA REQUENA,CORONEL PORTILLO,UCAYALI,250106
MANANTAY,CORONEL PORTILLO,UCAYALI,250107
RAIMONDI,ATALAYA,UCAYALI,250201
SEPAHUA,ATALAYA,UCAYALI,250202
TAHUANIA,ATALAYA,UCAYALI,250203
YURUA,ATALAYA,UCAYALI,250204
PADRE ABAD,PADRE ABAD,UCAYALI,250301
IRAZOLA,PADRE ABAD,UCAYALI,250302
CURIMANA,PADRE ABAD,UCAYALI,250303
NESHUYA,PADRE ABAD,UCAYALI,250304
ALEXANDER VON HUMBOLDT,PADRE ABAD,UCAYALI,250305
HUIPOCA,PADRE ABAD,UCAYALI,250306
BOQUERON,PADRE ABAD,UCAYALI,250307
PURUS,PURUS,UCAYALI,250401